,id,Geographic Area Name,"Estimate!!Total!!Population for whom poverty status is determined!!RACE AND HISPANIC OR LATINO ORIGIN!!White alone, not Hispanic or Latino",Estimate!!Total!!Population for whom poverty status is determined!!RACE AND HISPANIC OR LATINO ORIGIN!!Black or African American alone,Estimate!!Total!!Population for whom poverty status is determined!!RACE AND HISPANIC OR LATINO ORIGIN!!American Indian and Alaska Native alone,Estimate!!Total!!Population for whom poverty status is determined!!RACE AND HISPANIC OR LATINO ORIGIN!!Asian alone,Estimate!!Total!!Population for whom poverty status is determined!!RACE AND HISPANIC OR LATINO ORIGIN!!Native Hawaiian and Other Pacific Islander alone,Estimate!!Total!!Population for whom poverty status is determined!!RACE AND HISPANIC OR LATINO ORIGIN!!Some other race alone,Estimate!!Total!!Population for whom poverty status is determined!!RACE AND HISPANIC OR LATINO ORIGIN!!Hispanic or Latino origin (of any race),Estimate!!Total!!Population for whom poverty status is determined!!ALL INDIVIDUALS WITH INCOME BELOW THE FOLLOWING POVERTY RATIOS!!50 percent of poverty level,Estimate!!Total!!Population for whom poverty status is determined!!ALL INDIVIDUALS WITH INCOME BELOW THE FOLLOWING POVERTY RATIOS!!125 percent of poverty level,Estimate!!Total!!Population for whom poverty status is determined!!ALL INDIVIDUALS WITH INCOME BELOW THE FOLLOWING POVERTY RATIOS!!150 percent of poverty level,Estimate!!Total!!Population for whom poverty status is determined!!ALL INDIVIDUALS WITH INCOME BELOW THE FOLLOWING POVERTY RATIOS!!185 percent of poverty level,Estimate!!Total!!Population for whom poverty status is determined!!ALL INDIVIDUALS WITH INCOME BELOW THE FOLLOWING POVERTY RATIOS!!200 percent of poverty level,Estimate!!Total!!Population for whom poverty status is determined!!ALL INDIVIDUALS WITH INCOME BELOW THE FOLLOWING POVERTY RATIOS!!300 percent of poverty level,Estimate!!Total!!Population for whom poverty status is determined!!ALL INDIVIDUALS WITH INCOME BELOW THE FOLLOWING POVERTY RATIOS!!400 percent of poverty level,Estimate!!Total!!Population for whom poverty status is determined!!ALL INDIVIDUALS WITH INCOME BELOW THE FOLLOWING POVERTY RATIOS!!500 percent of poverty level,Estimate!!Below poverty level!!Population for whom poverty status is determined,Estimate!!Below poverty level!!Population for whom poverty status is determined!!AGE!!Under 18 years,Estimate!!Below poverty level!!Population for whom poverty status is determined!!AGE!!Under 18 years!!Under 5 years,Estimate!!Below poverty level!!Population for whom poverty status is determined!!RACE AND HISPANIC OR LATINO ORIGIN!!Black or African American alone,Estimate!!Below poverty level!!Population for whom poverty status is determined!!RACE AND HISPANIC OR LATINO ORIGIN!!American Indian and Alaska Native alone,Estimate!!Below poverty level!!Population for whom poverty status is determined!!RACE AND HISPANIC OR LATINO ORIGIN!!Asian alone,Estimate!!Below poverty level!!Population for whom poverty status is determined!!RACE AND HISPANIC OR LATINO ORIGIN!!Native Hawaiian and Other Pacific Islander alone,Estimate!!Below poverty level!!Population for whom poverty status is determined!!RACE AND HISPANIC OR LATINO ORIGIN!!Some other race alone,Estimate!!Below poverty level!!Population for whom poverty status is determined!!RACE AND HISPANIC OR LATINO ORIGIN!!Hispanic or Latino origin (of any race),"Estimate!!Below poverty level!!Population for whom poverty status is determined!!RACE AND HISPANIC OR LATINO ORIGIN!!White alone, not Hispanic or Latino",Estimate!!Percent below poverty level!!Population for whom poverty status is determined,Estimate!!Percent below poverty level!!Population for whom poverty status is determined!!AGE!!Under 18 years,Estimate!!Percent below poverty level!!Population for whom poverty status is determined!!AGE!!Under 18 years!!Under 5 years,Estimate!!Percent below poverty level!!Population for whom poverty status is determined!!RACE AND HISPANIC OR LATINO ORIGIN!!Black or African American alone,Estimate!!Percent below poverty level!!Population for whom poverty status is determined!!RACE AND HISPANIC OR LATINO ORIGIN!!American Indian and Alaska Native alone,Estimate!!Percent below poverty level!!Population for whom poverty status is determined!!RACE AND HISPANIC OR LATINO ORIGIN!!Asian alone,Estimate!!Percent below poverty level!!Population for whom poverty status is determined!!RACE AND HISPANIC OR LATINO ORIGIN!!Native Hawaiian and Other Pacific Islander alone,Estimate!!Percent below poverty level!!Population for whom poverty status is determined!!RACE AND HISPANIC OR LATINO ORIGIN!!Some other race alone,Estimate!!Percent below poverty level!!Population for whom poverty status is determined!!RACE AND HISPANIC OR LATINO ORIGIN!!Hispanic or Latino origin (of any race),"Estimate!!Percent below poverty level!!Population for whom poverty status is determined!!RACE AND HISPANIC OR LATINO ORIGIN!!White alone, not Hispanic or Latino"
0,75001,ZCTA5 75001,6440,2194,115,1495,0,1800,3893,619,2311,2808,3657,3838,5983,8019,9729,1626,409,177,194,28,185,0,439,864,315,10.9,18.8,22.9,8.8,24.3,12.4,-,24.4,22.2,4.9
2,75006,ZCTA5 75006,17345,4443,80,3849,44,1955,24873,2181,9006,12326,16212,17753,27595,34229,39307,5532,2397,802,425,6,321,0,331,3755,949,10.8,18.7,21.5,9.6,7.5,8.3,0.0,16.9,15.1,5.5
7,75019,ZCTA5 75019,23374,1956,84,10594,7,351,5572,367,1879,2458,3321,4256,7834,12590,16481,1138,418,154,73,0,394,0,12,165,384,2.7,3.6,5.8,3.7,0.0,3.7,0.0,3.4,3.0,1.6
8,75020,ZCTA5 75020,18384,1395,338,298,0,145,1465,1355,4160,5444,7449,8088,12700,16711,19023,3151,932,231,102,70,20,0,42,379,2388,13.9,18.1,15.7,7.3,20.7,6.7,-,29.0,25.9,13.0
14,75028,ZCTA5 75028,34595,2227,201,4371,28,581,5112,757,1713,2062,2974,3349,6820,12670,18220,1179,318,11,14,12,164,0,3,53,916,2.5,2.5,0.4,0.6,6.0,3.8,0.0,0.5,1.0,2.6
15,75032,ZCTA5 75032,23051,2226,24,1210,0,665,5888,498,2121,2783,4203,5271,8653,12018,15974,1493,513,20,64,0,0,0,0,524,855,4.5,5.9,1.2,2.9,0.0,0.0,-,0.0,8.9,3.7
17,75035,ZCTA5 75035,37973,6816,434,20256,8,1164,7536,1129,3076,3892,4877,5679,11570,19689,28167,2189,637,109,635,0,378,0,89,124,925,2.9,2.7,2.3,9.3,0.0,1.9,0.0,7.6,1.6,2.4
18,75038,ZCTA5 75038,5091,8803,85,9586,320,704,5707,1443,5055,6241,8427,9992,15259,18606,22377,4114,1363,515,1209,26,1703,0,34,737,390,13.8,19.3,18.4,13.7,30.6,17.8,0.0,4.8,12.9,7.7
20,75040,ZCTA5 75040,14980,7412,340,7782,0,4179,30019,2119,10711,15451,21824,24292,36408,46750,52866,6717,2592,458,670,61,491,0,596,4499,929,10.8,15.5,11.4,9.0,17.9,6.3,-,14.3,15.0,6.2
21,75041,ZCTA5 75041,7633,2180,150,710,27,2664,19712,1935,9151,11137,14495,15837,20997,24360,26886,6763,3392,1135,364,60,53,0,534,5506,702,22.0,34.8,42.1,16.7,40.0,7.5,0.0,20.0,27.9,9.2
22,75042,ZCTA5 75042,7627,3849,187,5019,0,2281,22224,2263,9792,12661,16178,17691,26894,32416,35447,7406,3658,880,1019,0,1343,0,288,4406,744,19.0,31.2,27.9,26.5,0.0,26.8,-,12.6,19.8,9.8
26,75050,ZCTA5 75050,9639,7181,125,1004,11,3688,24428,2579,9386,11640,15510,17360,26757,32189,35858,6333,3062,1046,824,45,17,0,359,4739,658,14.8,26.2,29.2,11.5,36.0,1.7,0.0,9.7,19.4,6.8
27,75051,ZCTA5 75051,5632,5202,190,927,0,4003,28689,2741,11503,14282,19057,20533,30502,35594,37858,7903,3292,875,934,95,85,0,674,5890,877,19.4,26.3,26.1,18.0,50.0,9.2,-,16.8,20.5,15.6
28,75052,ZCTA5 75052,21690,27059,323,9173,86,7651,35251,3215,9635,13061,19019,21301,41117,56794,69930,6780,2619,363,1967,19,863,0,217,2847,969,7.1,10.2,6.2,7.3,5.9,9.4,0.0,2.8,8.1,4.5
31,75057,ZCTA5 75057,5136,1985,7,385,56,1149,6966,472,3164,4223,5469,5759,8304,10741,12301,2020,863,218,128,0,45,0,131,1405,402,13.6,22.2,24.8,6.4,0.0,11.7,0.0,11.4,20.2,7.8
33,75060,ZCTA5 75060,10477,2963,263,2735,66,12752,30872,2225,11958,15428,19181,21356,31213,37103,41528,7259,3216,1025,696,0,74,0,2564,5125,1281,15.2,22.2,28.7,23.5,0.0,2.7,0.0,20.1,16.6,12.2
34,75061,ZCTA5 75061,9754,4848,307,2199,7,14710,36771,2838,12808,17165,22984,25450,38073,44839,48443,8792,4032,1012,839,28,270,0,2792,6800,815,16.3,24.5,20.8,17.3,9.1,12.3,0.0,19.0,18.5,8.4
35,75062,ZCTA5 75062,11354,7937,305,4852,65,6726,23061,1968,8975,12435,17294,19118,30313,36060,41526,6005,2198,521,585,9,826,0,1428,2820,1242,12.4,16.4,14.5,7.4,3.0,17.0,0.0,21.2,12.2,10.9
36,75063,ZCTA5 75063,8827,5391,397,20316,37,469,3702,1278,3282,3522,4404,4806,8174,13476,19211,2497,509,114,756,0,828,0,133,350,445,6.2,5.1,3.9,14.0,0.0,4.1,0.0,28.4,9.5,5.0
38,75067,ZCTA5 75067,27062,9730,375,7774,59,4574,21356,2421,9341,13092,17688,19259,33240,44044,52139,6878,2628,1036,1226,13,858,0,575,3313,1577,10.1,15.9,19.5,12.6,3.5,11.0,0.0,12.6,15.5,5.8
40,75069,ZCTA5 75069,18208,4107,179,760,45,1232,13632,2528,7475,9686,11970,13485,20220,24368,27793,5636,2185,652,853,0,44,0,382,3384,1302,15.0,24.0,31.6,20.8,0.0,5.8,0.0,31.0,24.8,7.2
42,75071,ZCTA5 75071,33430,6888,399,3498,0,904,9191,1680,5151,5825,7456,8164,15438,22015,29296,3528,1286,334,437,0,93,0,66,1298,1635,6.4,7.9,8.2,6.3,0.0,2.7,-,7.3,14.1,4.9
47,75078,ZCTA5 75078,22256,2164,182,1391,5,189,2111,415,769,896,1194,1462,3665,5768,9620,577,120,44,33,0,11,0,0,0,533,2.0,1.2,2.0,1.5,0.0,0.8,0.0,0.0,0.0,2.4
49,75081,ZCTA5 75081,18696,6274,148,6958,0,789,6496,1530,5359,6396,8936,9714,15946,22830,27592,3929,1611,351,1049,0,631,0,38,1118,1049,9.8,17.4,12.7,16.7,0.0,9.1,-,4.8,17.2,5.6
50,75082,ZCTA5 75082,13327,1763,134,5975,77,58,1549,704,1390,1935,2473,2734,4467,6938,9924,1093,242,13,274,0,224,0,0,66,522,4.7,4.8,1.4,15.5,0.0,3.7,0.0,0.0,4.3,3.9
51,75087,ZCTA5 75087,27575,1028,220,886,48,394,4180,398,1589,2508,3093,3899,7889,12054,16285,1218,474,158,23,0,30,0,0,403,747,3.5,5.1,6.6,2.2,0.0,3.4,0.0,0.0,9.6,2.7
54,75090,ZCTA5 75090,12020,2544,48,212,0,1496,8300,2018,5996,7785,10686,11605,16374,19516,21100,5079,2273,547,781,11,0,0,194,1915,2280,21.3,34.7,27.5,30.7,22.9,0.0,-,13.0,23.1,19.0
56,75093,ZCTA5 75093,30741,3856,280,7729,56,774,2762,1190,2659,3272,4013,4606,8641,12663,17731,2309,352,182,189,53,341,0,36,196,1465,5.0,3.6,8.7,4.9,18.9,4.4,0.0,4.7,7.1,4.8
58,75098,ZCTA5 75098,31484,6160,265,4274,13,2052,11913,1330,4757,6445,8727,10341,18428,26196,37386,3660,1499,445,156,42,251,0,41,1626,1586,6.5,8.9,10.8,2.5,15.8,5.9,0.0,2.0,13.6,5.0
62,75104,ZCTA5 75104,8238,25885,41,1487,86,1531,11236,2685,6317,7714,10948,12575,22242,30101,36681,4865,2162,406,2642,8,20,7,106,1455,682,10.0,15.3,13.2,10.2,19.5,1.3,8.1,6.9,12.9,8.3
64,75109,ZCTA5 75109,3659,265,72,9,0,35,229,222,726,908,1029,1085,2061,2554,3108,605,149,61,30,0,2,0,9,41,497,13.9,14.6,26.9,11.3,0.0,22.2,-,25.7,17.9,13.6
65,75110,ZCTA5 75110,12264,4130,607,307,756,2415,9849,1845,7244,8747,12041,12760,18056,21048,23355,4955,1771,662,1230,456,14,252,247,1916,1416,17.9,23.4,30.5,29.8,75.1,4.6,33.3,10.2,19.5,11.5
67,75115,ZCTA5 75115,6517,34926,76,257,39,1492,9601,1762,6598,8060,10449,12027,22302,30066,35557,5327,2358,778,3650,43,0,0,99,1160,281,10.3,17.3,24.4,10.5,56.6,0.0,0.0,6.6,12.1,4.3
70,75119,ZCTA5 75119,12918,3053,230,32,33,1343,11729,1681,4690,6776,8756,9413,14780,19282,22085,3930,1733,672,763,85,0,0,115,2019,1112,13.9,23.1,33.1,25.0,37.0,0.0,0.0,8.6,17.2,8.6
76,75134,ZCTA5 75134,1082,15637,51,206,0,851,4233,2162,5133,6279,7785,8302,12041,15930,18438,4503,2367,492,2831,0,36,0,439,1546,32,20.9,35.2,29.6,18.1,0.0,17.5,-,51.6,36.5,3.0
77,75135,ZCTA5 75135,6057,109,64,31,30,415,1014,261,850,1048,1266,1398,2658,4507,5686,392,137,41,37,0,0,0,0,209,138,5.3,6.6,9.9,33.9,0.0,0.0,0.0,0.0,20.6,2.3
81,75142,ZCTA5 75142,11481,824,23,3,0,538,6081,1572,4318,5289,6605,7127,10490,13059,15221,3369,1441,521,354,0,0,0,90,1823,1182,18.1,27.5,43.9,43.0,0.0,0.0,-,16.7,30.0,10.3
84,75146,ZCTA5 75146,2631,12756,82,71,0,583,3584,1125,3327,3704,5503,6069,10152,13644,15491,2020,863,432,1019,0,0,0,356,648,297,10.4,14.6,20.6,8.0,0.0,0.0,-,61.1,18.1,11.3
87,75149,ZCTA5 75149,15978,13748,400,975,10,2217,24185,4513,13977,17948,23661,25180,36817,45283,49916,9709,4206,1181,2658,34,87,0,151,4846,2043,17.3,24.9,28.9,19.3,8.5,8.9,0.0,6.8,20.0,12.8
92,75155,ZCTA5 75155,1504,64,98,0,0,408,1642,158,626,1120,1285,1354,2207,2710,3002,390,186,57,15,0,0,0,76,300,75,12.1,17.6,16.8,23.4,0.0,-,-,18.6,18.3,5.0
96,75159,ZCTA5 75159,7689,2489,42,119,0,1066,7636,1558,3942,5278,7151,7426,11317,14190,15691,2436,1060,305,609,23,50,0,289,1351,413,13.5,19.2,24.9,24.5,54.8,42.0,-,27.1,17.7,5.4
97,75160,ZCTA5 75160,13109,4304,140,268,64,1337,6823,1090,5870,7161,9588,10145,14591,17980,20024,4339,1588,412,933,55,15,9,465,1817,1484,17.4,25.3,22.2,21.7,39.3,5.6,14.1,34.8,26.6,11.3
98,75161,ZCTA5 75161,4673,797,87,0,0,17,754,554,768,935,1953,2207,3364,4638,5107,729,175,43,65,0,0,0,0,300,345,11.2,12.9,14.4,8.2,0.0,-,-,0.0,39.8,7.4
101,75165,ZCTA5 75165,27813,4700,229,339,20,1465,10758,1666,6314,7607,9879,10886,18654,26550,31248,4951,2022,744,1372,15,58,20,341,1742,2008,11.3,17.9,22.6,29.2,6.6,17.1,100.0,23.3,16.2,7.2
103,75167,ZCTA5 75167,9218,527,47,69,21,556,1986,114,470,641,1470,1674,3113,4661,6513,255,36,0,51,36,0,0,0,73,120,2.1,1.2,0.0,9.7,76.6,0.0,0.0,0.0,3.7,1.3
104,75169,ZCTA5 75169,11802,596,217,0,0,115,1162,696,3013,3747,4970,5286,7680,10292,11350,2137,649,206,298,7,0,0,0,286,1529,15.4,21.0,25.3,50.0,3.2,-,-,0.0,24.6,13.0
108,75181,ZCTA5 75181,6651,10348,191,1085,0,580,9857,454,1888,3408,5545,5907,11504,16469,20868,1216,405,0,279,39,0,0,12,721,153,4.3,4.8,0.0,2.7,20.4,0.0,-,2.1,7.3,2.3
113,75203,ZCTA5 75203,1438,6190,35,147,11,358,9422,2101,6097,7274,8957,9613,12840,13961,15401,4670,1863,562,1625,11,31,0,54,2718,283,27.0,42.8,46.9,26.3,31.4,21.1,0.0,15.1,28.8,19.7
121,75211,ZCTA5 75211,5136,4699,270,332,58,4400,65173,6353,23166,29082,37076,39824,57581,67011,71304,17867,8327,2069,1798,33,20,58,1021,15388,600,23.6,35.9,33.5,38.3,12.2,6.0,100.0,23.2,23.6,11.7
122,75212,ZCTA5 75212,2708,7564,146,337,0,1175,15838,3422,8638,11438,13940,15272,21966,24057,25099,6729,2469,712,3017,83,149,0,134,3216,428,25.5,30.6,32.0,39.9,56.8,44.2,-,11.4,20.3,15.8
124,75215,ZCTA5 75215,1675,12069,3,36,6,522,3724,2449,7403,8230,9515,10222,13217,15328,16121,5112,1578,621,3671,3,0,6,25,1023,394,29.1,38.1,40.6,30.4,100.0,0.0,100.0,4.8,27.5,23.5
125,75216,ZCTA5 75216,1620,29334,138,75,0,2856,21811,7496,23716,27895,32922,35275,44512,49462,51093,17521,6989,1720,9852,27,44,0,1217,6935,525,33.0,45.9,44.6,33.6,19.6,58.7,-,42.6,31.8,32.4
134,75227,ZCTA5 75227,4643,16945,155,169,10,1899,37388,5520,17460,22710,29823,31361,44135,51758,55846,12932,6015,1361,4708,0,6,0,317,7675,609,21.8,31.0,25.7,27.8,0.0,3.6,0.0,16.7,20.5,13.1
136,75229,ZCTA5 75229,19008,694,130,872,0,1112,11357,591,3728,5569,7626,8558,12688,15853,18314,2396,881,384,43,0,36,0,297,1472,845,7.4,11.0,15.9,6.2,0.0,4.1,-,26.7,13.0,4.4
141,75234,ZCTA5 75234,12234,1825,186,2409,0,3759,19798,774,3769,5153,8658,10331,18719,23344,27288,2676,927,185,103,0,152,0,589,1851,570,7.3,11.2,7.5,5.6,0.0,6.3,-,15.7,9.3,4.7
142,75235,ZCTA5 75235,5773,3127,0,907,0,543,8347,2223,5043,5637,7513,7957,10774,13457,15065,3736,909,252,947,0,272,0,41,1520,965,20.4,28.6,32.9,30.3,-,30.0,-,7.6,18.2,16.7
143,75236,ZCTA5 75236,1873,6519,367,462,0,1667,9075,1056,4563,6108,7400,8564,12437,15245,16416,2895,1168,341,1074,13,184,0,394,1141,476,16.0,20.2,21.9,16.5,3.5,39.8,-,23.6,12.6,25.4
145,75238,ZCTA5 75238,16749,5080,28,2040,0,2416,8579,1219,5097,6252,8306,8865,13360,16950,19667,3518,1452,519,1246,0,270,0,135,1322,617,10.7,15.3,15.2,24.5,0.0,13.2,-,5.6,15.4,3.7
148,75243,ZCTA5 75243,16381,30843,219,4533,58,2406,14848,5623,19105,23722,30309,33296,45428,51870,56398,15337,6466,2454,7483,117,625,0,472,4874,1999,22.5,37.5,38.7,24.3,53.4,13.8,0.0,19.6,32.8,12.2
151,75247,ZCTA5 75247,312,378,13,0,0,13,63,342,597,653,679,692,727,740,782,514,0,0,296,0,0,0,0,39,166,64.9,-,-,78.3,0.0,-,-,0.0,61.9,53.2
162,75402,ZCTA5 75402,13555,1410,213,189,13,645,1965,895,2892,3505,4672,4899,8955,11412,13059,1998,536,123,221,114,17,0,243,421,1225,11.2,13.2,11.8,15.7,53.5,9.0,0.0,37.7,21.4,9.0
163,75407,ZCTA5 75407,10716,1361,66,259,0,568,5353,428,2012,3367,4819,5467,9499,11902,14565,1343,525,113,82,0,28,0,26,619,635,7.5,9.8,9.5,6.0,0.0,10.8,-,4.6,11.6,5.9
173,75418,ZCTA5 75418,9115,605,92,161,0,15,1374,688,2629,3101,4235,4462,6717,8344,9288,1395,306,77,118,13,122,0,0,181,907,11.8,11.1,12.0,19.5,14.1,75.8,-,0.0,13.2,10.0
180,75428,ZCTA5 75428,5896,1619,332,399,0,581,1143,1793,3710,4047,4735,4882,6515,7497,8052,3070,832,336,570,161,265,0,343,610,1355,32.0,41.2,56.5,35.2,48.5,66.4,-,59.0,53.4,23.0
191,75442,ZCTA5 75442,6160,717,76,50,130,390,2012,612,1321,2046,2518,3200,3896,5722,6555,1066,383,188,315,62,0,0,144,209,468,11.6,16.9,28.5,43.9,81.6,0.0,0.0,36.9,10.4,7.6
200,75454,ZCTA5 75454,8224,467,6,259,0,134,1384,40,427,475,821,1076,2991,4542,6248,394,210,73,0,0,0,0,0,251,114,3.8,6.2,8.3,0.0,0.0,0.0,-,0.0,18.1,1.4
201,75455,ZCTA5 75455,12143,2677,289,337,12,4723,12295,1457,6964,9073,11963,13089,18126,21468,24416,5158,2178,611,449,25,14,0,1595,3131,1413,18.4,26.5,29.6,16.8,8.7,4.2,0.0,33.8,25.5,11.6
211,75473,ZCTA5 75473,3052,20,0,0,0,0,407,213,493,665,1007,1107,1536,2484,2887,297,76,19,0,0,0,0,0,0,279,8.1,9.7,7.1,0.0,-,-,-,-,0.0,9.1
221,75486,ZCTA5 75486,2097,13,0,12,0,5,104,107,265,265,551,826,1301,1526,1872,200,32,7,0,0,0,0,0,45,137,8.7,5.8,6.8,0.0,-,0.0,-,0.0,43.3,6.5
233,75501,ZCTA5 75501,17819,12418,358,61,8,193,2372,4127,10091,12202,14858,16447,21932,25872,28567,8059,2743,804,4856,26,31,0,62,381,2569,23.8,30.7,30.3,39.1,7.3,50.8,0.0,32.1,16.1,14.4
236,75551,ZCTA5 75551,8118,2036,33,141,0,94,480,592,2687,3600,4090,4295,5977,7927,8845,2043,695,81,810,0,54,0,94,350,874,18.6,26.2,11.5,39.8,0.0,38.3,-,100.0,72.9,10.8
243,75561,ZCTA5 75561,3913,488,36,15,0,8,359,509,1248,1510,1842,2176,3138,3727,4295,895,349,90,109,0,0,0,0,0,750,18.1,30.5,32.1,22.3,0.0,0.0,-,0.0,0.0,19.2
249,75568,ZCTA5 75568,1632,256,0,0,0,0,266,100,440,616,880,1118,1392,1848,2051,242,66,10,88,0,0,0,0,2,152,11.0,11.2,8.9,34.4,-,-,-,-,0.8,9.3
251,75570,ZCTA5 75570,6350,988,90,51,15,155,541,402,1542,1923,2491,2607,4129,5086,6269,1080,222,74,251,0,0,15,0,39,775,13.1,14.9,26.7,25.4,0.0,0.0,100.0,0.0,7.2,12.2
253,75572,ZCTA5 75572,3100,614,0,5,1,4,21,300,918,1056,1576,1704,2256,2790,3197,707,208,67,108,0,0,1,1,3,592,18.1,26.7,36.4,17.6,-,0.0,100.0,25.0,14.3,19.1
257,75602,ZCTA5 75602,6455,6965,55,83,0,262,6887,2368,7350,8553,9804,10284,14586,16691,17912,5182,2100,489,2161,0,60,0,128,2082,924,25.0,34.9,28.9,31.0,0.0,72.3,-,48.9,30.2,14.3
258,75603,ZCTA5 75603,3010,2109,3,12,0,16,809,65,1538,1910,2405,2529,3429,4553,5051,598,216,25,365,0,12,0,0,73,150,9.8,14.1,6.3,17.3,0.0,100.0,-,0.0,9.0,5.0
259,75604,ZCTA5 75604,18668,5455,44,407,130,194,5369,2800,8589,10166,12832,13962,19150,22896,25905,5885,2676,791,2283,9,0,0,61,1709,1769,19.1,29.9,31.5,41.9,20.5,0.0,0.0,31.4,31.8,9.5
263,75633,ZCTA5 75633,8992,2339,31,40,0,149,1262,439,2088,3085,4223,4504,6708,8588,10162,1387,482,67,88,0,40,0,0,361,927,11.0,16.6,10.2,3.8,0.0,100.0,-,0.0,28.6,10.3
264,75638,ZCTA5 75638,2956,1721,22,3,8,369,665,491,1703,1803,2175,2261,3669,4564,4864,1350,578,71,682,0,0,0,293,293,375,25.0,48.9,29.3,39.6,0.0,0.0,0.0,79.4,44.1,12.7
270,75644,ZCTA5 75644,9484,1652,68,15,0,490,1436,914,3564,4049,4736,5031,7711,9811,10803,2845,1283,483,497,0,0,0,115,587,1719,21.8,34.6,50.9,30.1,0.0,0.0,-,23.5,40.9,18.1
271,75645,ZCTA5 75645,8917,528,18,34,0,372,1053,464,1582,1889,2638,2746,5152,6616,7591,1160,290,35,65,0,0,0,17,243,852,10.7,12.4,8.6,12.3,0.0,0.0,-,4.6,23.1,9.6
272,75647,ZCTA5 75647,9942,1471,54,128,0,45,1274,940,3008,3797,4959,5311,7309,9211,10332,2374,653,255,658,0,24,0,0,408,1127,17.8,21.7,29.0,44.7,0.0,18.8,-,0.0,32.0,11.3
273,75650,ZCTA5 75650,8977,265,136,19,0,72,354,560,1998,2448,2935,3137,4737,6063,7315,1328,344,58,17,0,0,0,0,13,1298,13.6,12.9,10.7,6.4,0.0,0.0,-,0.0,3.7,14.5
275,75652,ZCTA5 75652,7407,2269,0,89,0,468,2165,782,2515,3157,4688,4776,7718,8992,9799,1418,475,115,371,0,0,0,11,201,804,11.7,15.4,18.4,16.4,-,0.0,-,2.4,9.3,10.9
277,75656,ZCTA5 75656,3385,334,0,0,0,289,414,252,934,1305,1752,1997,3183,3574,3852,573,208,43,169,0,0,0,0,3,401,13.5,18.9,22.6,50.6,-,-,-,0.0,0.7,11.8
278,75657,ZCTA5 75657,4669,1874,11,32,32,305,440,598,1651,2138,3091,3411,4844,5575,5885,1379,443,150,577,6,0,0,0,56,732,19.3,34.5,42.3,30.8,54.5,0.0,0.0,0.0,12.7,15.7
280,75662,ZCTA5 75662,16156,2350,43,212,3,291,4629,1388,4654,6249,7339,8473,13082,16905,19792,3389,1077,552,676,0,196,0,0,995,1474,14.1,17.8,26.9,28.8,0.0,92.5,0.0,0.0,21.5,9.1
282,75668,ZCTA5 75668,1669,403,16,17,0,128,218,117,578,785,898,966,1744,1950,2082,354,98,44,121,13,0,0,53,53,167,14.9,14.9,24.2,30.0,81.3,0.0,-,41.4,24.3,10.0
284,75670,ZCTA5 75670,5943,6616,20,1,0,264,3496,2550,6032,6796,8394,9242,11461,13683,14983,5091,2310,855,2990,1,0,0,96,713,1313,31.1,48.4,50.7,45.2,5.0,0.0,-,36.4,20.4,22.1
285,75672,ZCTA5 75672,10002,3325,10,357,0,299,2041,778,2568,3193,4458,4876,8463,11200,12577,2063,645,201,489,0,49,0,65,826,652,12.8,17.3,23.1,14.7,0.0,13.7,-,21.7,40.5,6.5
290,75686,ZCTA5 75686,7376,2221,58,68,0,945,3136,780,2876,3501,4543,5223,8607,9829,10946,2305,934,285,558,4,0,0,204,759,1012,17.6,27.5,31.8,25.1,6.9,0.0,-,21.6,24.2,13.7
291,75691,ZCTA5 75691,2525,658,0,0,27,15,953,82,814,922,1019,1323,2481,2960,3315,668,307,92,114,0,0,0,0,285,173,15.5,23.9,21.6,17.3,-,-,0.0,0.0,29.9,6.9
292,75692,ZCTA5 75692,2978,932,9,0,0,6,279,95,685,1191,1570,1816,2544,3184,3629,489,147,22,35,0,0,0,0,119,292,11.1,14.9,22.4,3.8,0.0,-,-,0.0,42.7,9.8
294,75701,ZCTA5 75701,19959,6992,178,398,0,677,5958,2298,7873,9922,12049,13263,19091,24763,27261,6337,1821,314,1939,27,51,0,50,1801,2502,18.9,23.8,12.4,27.7,15.2,12.8,-,7.4,30.2,12.5
295,75702,ZCTA5 75702,3108,9559,136,73,0,1374,13095,2772,8978,10536,13533,14389,19553,22811,24263,6769,2871,1277,2875,0,0,0,187,2960,897,25.9,38.1,56.1,30.1,0.0,0.0,-,13.6,22.6,28.9
300,75707,ZCTA5 75707,10829,1056,3,461,61,122,1632,798,1829,2086,2796,2885,5139,6802,9467,1374,320,229,142,0,93,0,30,289,793,9.7,9.5,30.5,13.4,0.0,20.2,0.0,24.6,17.7,7.3
301,75708,ZCTA5 75708,2565,539,43,118,0,67,4382,221,2405,3465,4069,4364,6188,6732,7251,1556,600,270,0,8,0,0,0,1153,395,20.5,24.6,36.8,0.0,18.6,0.0,-,0.0,26.3,15.4
304,75751,ZCTA5 75751,9265,2030,145,304,0,166,3872,1216,5192,6281,7666,8004,10209,12165,13196,3903,1881,679,857,0,13,0,0,1745,1133,24.5,39.8,49.1,42.2,0.0,4.3,-,0.0,45.1,12.2
317,75766,ZCTA5 75766,13661,3531,170,127,43,522,8178,1885,6459,9275,11675,11941,17368,20550,22235,4406,1586,398,1422,27,0,16,142,1454,1383,17.0,22.0,17.4,40.3,15.9,0.0,37.2,27.2,17.8,10.1
332,75801,ZCTA5 75801,8299,3916,160,257,0,1137,3123,1086,4244,5115,7654,7941,10977,12756,13986,2636,1018,487,756,144,0,0,420,619,1035,16.4,24.3,41.5,19.3,90.0,0.0,-,36.9,19.8,12.5
334,75831,ZCTA5 75831,3917,439,61,43,0,8,1005,444,1085,1643,2179,2334,3377,4034,4517,941,403,103,61,8,0,0,0,307,527,17.1,29.0,27.2,13.9,13.1,0.0,-,0.0,30.5,13.5
337,75835,ZCTA5 75835,5574,3331,14,69,0,418,1333,1083,3836,4905,5504,5905,7469,8972,9717,2957,1159,493,1553,7,13,0,316,609,636,28.0,47.2,65.6,46.6,50.0,18.8,-,75.6,45.7,11.4
341,75844,ZCTA5 75844,4738,907,0,10,0,25,343,331,1200,1841,2510,2622,3900,4322,4976,797,143,17,186,0,0,0,0,0,611,13.5,13.0,7.9,20.5,-,0.0,-,0.0,0.0,12.9
343,75846,ZCTA5 75846,2200,117,0,7,0,26,644,127,1180,1467,1536,1648,2144,2299,2451,749,267,110,73,0,0,0,0,130,546,25.4,35.4,44.0,62.4,-,0.0,-,0.0,20.2,24.8
354,75859,ZCTA5 75859,1478,508,30,0,0,0,108,42,631,849,913,936,1313,1434,1602,544,0,0,467,0,0,0,0,17,60,25.5,0.0,0.0,91.9,0.0,-,-,-,15.7,4.1
358,75901,ZCTA5 75901,16044,3783,336,613,0,806,9050,1678,6398,9248,12059,12664,19523,23429,25924,5252,2010,563,1268,158,36,0,128,2366,1621,17.6,26.0,27.4,33.5,47.0,5.9,-,15.9,26.1,10.1
359,75904,ZCTA5 75904,19607,6700,126,316,0,278,6575,1927,7722,9370,11763,13314,19580,24375,27404,5250,1987,640,1627,0,17,0,0,1476,2063,15.5,21.5,27.0,24.3,0.0,5.4,-,0.0,22.4,10.5
360,75925,ZCTA5 75925,2660,713,0,0,0,44,541,332,1087,1351,1543,1673,2648,3339,3535,1014,241,68,298,0,0,0,20,83,623,25.8,22.7,32.2,41.8,-,-,-,45.5,15.3,23.4
368,75934,ZCTA5 75934,44,167,0,0,0,0,19,0,2,2,14,14,34,54,175,2,0,0,2,0,0,0,0,0,0,0.9,0.0,0.0,1.2,-,-,-,-,0.0,0.0
373,75939,ZCTA5 75939,2597,1014,5,3,0,174,1368,404,1526,1636,1988,2136,3277,3839,4307,1240,400,91,431,0,0,0,24,258,505,24.1,31.4,29.7,42.5,0.0,0.0,-,13.8,18.9,19.4
374,75941,ZCTA5 75941,3175,1143,8,32,0,758,2847,722,2131,2402,3044,3345,4581,5640,6388,1729,710,213,385,0,0,0,119,835,488,23.7,34.4,37.2,33.7,0.0,0.0,-,15.7,29.3,15.4
381,75951,ZCTA5 75951,9006,4545,22,124,58,810,1182,1391,4538,5492,6892,7084,9949,11331,12018,3261,1279,435,1393,22,16,0,35,88,1721,21.8,32.3,42.7,30.6,100.0,12.9,0.0,4.3,7.4,19.1
386,75961,ZCTA5 75961,8755,4400,122,105,0,149,2289,2722,5541,6548,7613,7890,10270,12299,13765,4903,1393,487,2000,56,0,0,46,470,2215,30.9,36.4,42.9,45.5,45.9,0.0,-,30.9,20.5,25.3
391,75968,ZCTA5 75968,1287,202,1,0,0,15,60,282,601,638,774,838,972,1285,1382,543,225,36,68,1,0,0,15,60,335,33.3,61.0,52.9,33.7,100.0,-,-,100.0,100.0,26.0
400,75979,ZCTA5 75979,7784,919,3,0,0,209,616,1106,2552,2802,3584,3751,5717,7207,8187,2020,544,184,444,0,0,0,4,38,1505,21.1,25.9,37.9,48.3,0.0,-,-,1.9,6.2,19.3
402,76001,ZCTA5 76001,15448,9603,47,1378,19,1772,6152,1414,4033,4354,5491,6545,10894,16265,20672,3312,1318,300,1001,0,291,0,296,1122,897,9.9,13.9,14.0,10.4,0.0,21.1,0.0,16.7,18.2,5.8
405,76008,ZCTA5 76008,16754,298,118,120,43,219,1675,307,925,1206,1619,1881,3260,5864,7921,736,311,63,15,0,0,0,0,45,658,3.8,5.3,5.8,5.0,0.0,0.0,0.0,0.0,2.7,3.9
406,76009,ZCTA5 76009,13107,348,134,38,30,702,6284,1039,3802,4914,6713,7220,11405,14052,16704,2919,1312,280,48,0,0,0,31,1110,1741,14.5,22.8,21.7,13.8,0.0,0.0,0.0,4.4,17.7,13.3
407,76010,ZCTA5 76010,9437,8820,470,2102,386,7353,36608,6544,20997,27060,33141,34555,46068,52192,54523,17070,7361,2178,3194,17,816,352,1285,10076,2266,29.3,38.9,41.1,36.2,3.6,38.8,91.2,17.5,27.5,24.0
408,76011,ZCTA5 76011,5865,6562,216,554,24,1166,8868,2605,7776,8913,10649,11017,15306,18025,19630,5958,2346,889,1704,13,75,0,196,3131,935,26.8,46.3,50.3,26.0,6.0,13.5,0.0,16.8,35.3,15.9
415,76018,ZCTA5 76018,6882,8507,205,4762,0,3983,9885,945,3679,5804,8487,9756,17129,21419,26740,2677,1198,447,1341,0,134,0,207,672,489,8.6,14.3,22.2,15.8,0.0,2.8,-,5.2,6.8,7.1
417,76021,ZCTA5 76021,23263,4109,179,2014,661,994,4366,587,3090,4410,6439,6838,10993,17193,21631,1949,468,0,133,12,137,233,332,624,777,5.5,6.5,0.0,3.2,6.7,6.8,35.2,33.4,14.3,3.3
420,76028,ZCTA5 76028,54959,2980,142,810,66,798,9645,2216,6461,8532,12948,15184,24371,36642,46681,4654,1621,464,433,0,20,4,124,629,3509,6.6,8.6,9.2,14.5,0.0,2.5,6.1,15.5,6.5,6.4
421,76031,ZCTA5 76031,11624,356,0,12,0,310,4965,791,3077,4071,5458,6152,10260,12737,14076,2204,951,234,137,0,0,0,0,885,1173,12.8,21.3,21.0,38.5,-,0.0,-,0.0,17.8,10.1
422,76033,ZCTA5 76033,18275,951,225,291,77,361,5721,1308,4519,6249,8312,8933,13644,17353,20873,2859,1159,335,297,49,61,0,0,1412,1046,11.1,18.6,18.7,31.2,21.8,21.0,0.0,0.0,24.7,5.7
424,76035,ZCTA5 76035,1933,21,4,24,0,14,213,108,221,227,270,387,545,762,923,218,78,29,0,0,0,0,0,30,184,9.9,19.4,76.3,0.0,0.0,0.0,-,0.0,14.1,9.5
425,76036,ZCTA5 76036,14506,5270,69,842,0,692,5858,686,3223,4945,6181,6882,11886,15970,19925,1758,627,89,407,28,46,0,75,370,883,6.5,8.7,5.5,7.7,40.6,5.5,-,10.8,6.3,6.1
427,76040,ZCTA5 76040,12817,6736,150,3529,250,1097,7071,1079,5170,7472,10572,11541,17484,22003,24815,3570,1299,329,1040,20,180,73,143,1588,590,11.4,15.7,14.4,15.4,13.3,5.1,29.2,13.0,22.5,4.6
430,76044,ZCTA5 76044,3103,225,69,0,0,18,981,192,713,794,1170,1229,1788,2796,3467,450,122,29,0,0,0,0,4,105,334,10.2,13.2,16.8,0.0,0.0,-,-,22.2,10.7,10.8
432,76049,ZCTA5 76049,25437,3,146,364,9,212,3460,1197,2365,3417,4631,5879,9444,14094,18289,1992,542,142,3,0,14,0,26,210,1765,6.7,9.3,8.2,100.0,0.0,3.8,0.0,12.3,6.1,6.9
436,76053,ZCTA5 76053,16252,3674,365,1451,100,2070,8020,1582,6220,7970,10170,11651,16673,22141,24063,3760,1614,566,635,0,39,0,338,1854,1209,12.3,19.8,21.5,17.3,0.0,2.7,0.0,16.3,23.1,7.4
441,76060,ZCTA5 76060,5049,881,0,588,12,388,1754,163,706,1549,1798,1810,3585,4626,5431,352,105,53,30,0,0,0,2,45,268,4.2,4.8,8.3,3.4,-,0.0,0.0,0.5,2.6,5.3
443,76063,ZCTA5 76063,41225,12304,296,2971,46,3667,13836,1461,5513,6888,9332,11168,21769,32427,42376,3171,1046,212,473,18,62,0,391,1246,1379,4.4,4.9,4.9,3.8,6.1,2.1,0.0,10.7,9.0,3.3
445,76065,ZCTA5 76065,27896,1620,162,408,0,314,5670,803,2796,3487,4346,4950,10313,16858,21922,1733,592,185,174,0,0,0,13,555,979,4.7,5.8,7.7,10.7,0.0,0.0,-,4.1,9.8,3.5
446,76066,ZCTA5 76066,2226,0,0,12,0,6,211,123,645,692,701,895,1272,1592,1764,354,29,0,0,0,0,0,0,47,286,13.9,12.9,0.0,-,-,0.0,-,0.0,22.3,12.8
447,76067,ZCTA5 76067,14079,693,170,190,13,741,4627,1720,5781,6713,8382,9009,12487,15172,17009,4226,1558,423,119,24,1,0,638,1673,2409,21.2,31.9,32.9,17.2,14.1,0.5,0.0,86.1,36.2,17.1
452,76078,ZCTA5 76078,7674,41,192,44,0,220,1974,467,1381,1927,2424,2876,4533,6277,7523,1175,381,73,5,81,3,0,10,546,540,11.5,12.9,10.0,12.2,42.2,6.8,-,4.5,27.7,7.0
454,76084,ZCTA5 76084,5002,362,112,383,0,365,2125,199,890,1484,2404,2868,4339,6510,7201,684,162,62,39,0,19,0,0,166,460,8.5,6.8,10.0,10.8,0.0,5.0,-,0.0,7.8,9.2
456,76086,ZCTA5 76086,16601,657,209,39,0,752,4252,817,3465,4479,6540,7267,12394,15515,17512,2548,655,218,112,19,7,0,127,565,1825,11.4,11.5,11.9,17.0,9.1,17.9,-,16.9,13.3,11.0
459,76092,ZCTA5 76092,23050,539,116,5021,0,206,2012,366,1145,1502,1846,2076,2565,3422,5138,790,244,21,0,0,116,0,0,28,628,2.5,2.4,1.3,0.0,0.0,2.3,-,0.0,1.4,2.7
465,76106,ZCTA5 76106,3497,2902,104,308,0,11605,31490,3712,12944,16902,20442,22975,30910,35260,37137,8738,4231,1120,1033,0,185,0,2004,6743,815,22.8,33.2,31.2,35.6,0.0,60.1,-,17.3,21.4,23.3
467,76108,ZCTA5 76108,27981,2687,190,965,0,1716,10014,1686,6237,8295,10286,11475,19293,25696,31138,4096,1610,511,523,15,63,0,83,987,2518,9.6,14.3,14.7,19.5,7.9,6.5,-,4.8,9.9,9.0
470,76111,ZCTA5 76111,4789,795,120,462,0,6231,16214,1170,5668,7546,10688,11718,16664,19451,20666,4183,1865,503,498,42,30,0,1124,2993,641,18.7,28.3,30.9,62.6,35.0,6.5,-,18.0,18.5,13.4
472,76114,ZCTA5 76114,10788,694,82,137,0,3377,14446,1380,6082,7751,10559,11688,17301,21724,23148,3733,1487,374,55,1,7,0,736,2505,1082,14.2,21.5,22.3,7.9,1.2,5.1,-,21.8,17.3,10.0
475,76117,ZCTA5 76117,10960,1581,143,3020,23,4338,14790,1465,6758,8802,11037,12749,21113,25590,27573,4940,1768,431,677,56,501,0,605,2316,1303,16.0,20.9,19.4,42.8,39.2,16.6,0.0,13.9,15.7,11.9
476,76118,ZCTA5 76118,8455,1408,119,1413,362,1234,3829,425,2317,2817,3832,4426,6878,9096,11116,1289,589,293,46,0,34,0,287,568,641,8.0,13.9,23.8,3.3,0.0,2.4,0.0,23.3,14.8,7.6
481,76127,ZCTA5 76127,106,0,0,19,0,0,5,0,0,0,0,0,67,67,142,0,0,0,0,0,0,0,0,0,0,0.0,0.0,0.0,-,-,0.0,-,-,0.0,0.0
486,76134,ZCTA5 76134,5522,8600,77,552,0,782,10968,1746,6296,8748,11139,12215,16427,20215,22374,4258,1862,405,2229,0,4,0,72,1471,562,16.4,25.5,16.7,25.9,0.0,0.7,-,9.2,13.4,10.2
488,76137,ZCTA5 76137,30938,6798,410,5264,24,5649,15594,2193,8266,10410,13712,14951,25372,35495,43719,5166,2151,541,533,49,166,0,755,1512,2618,8.6,13.2,11.7,7.8,12.0,3.2,0.0,13.4,9.7,8.5
489,76140,ZCTA5 76140,7685,8921,0,434,0,4186,13150,1560,7571,10393,11725,12765,18459,23998,26360,4967,2240,584,876,0,68,0,529,2937,836,16.2,24.6,25.7,9.8,-,15.7,-,12.6,22.3,10.9
490,76148,ZCTA5 76148,14728,991,401,1044,36,1172,6531,694,2596,3462,4579,4976,10471,15391,18510,1795,645,221,24,0,115,0,45,717,912,7.5,11.3,13.8,2.4,0.0,11.0,0.0,3.8,11.0,6.2
491,76155,ZCTA5 76155,1374,1994,54,952,0,211,1205,191,510,760,1369,1519,2661,3842,4518,486,146,61,261,0,137,0,14,40,38,8.4,15.6,13.6,13.1,0.0,14.4,-,6.6,3.3,2.8
492,76164,ZCTA5 76164,764,40,56,79,0,4544,14482,1320,6087,7272,9243,9925,12584,13972,14732,4123,1422,392,2,3,71,0,1007,3789,261,26.7,36.0,36.1,5.0,5.4,89.9,-,22.2,26.2,34.2
493,76177,ZCTA5 76177,7578,1215,153,758,0,440,1535,239,501,781,1394,1448,2777,4693,6514,339,35,7,0,18,0,0,0,85,237,2.9,1.1,0.6,0.0,11.8,0.0,-,0.0,5.5,3.1
494,76179,ZCTA5 76179,39020,4536,436,2352,31,2377,17897,1679,5707,7237,9659,10890,22637,33846,43259,4204,1591,299,186,0,236,0,330,1692,1843,6.4,8.0,5.3,4.1,0.0,10.0,0.0,13.9,9.5,4.7
495,76180,ZCTA5 76180,23025,2869,510,1739,459,2336,7274,936,4180,6811,9292,10505,18014,22877,27462,2988,1108,203,270,9,140,68,171,851,1533,8.1,13.4,8.2,9.4,1.8,8.1,14.8,7.3,11.7,6.7
498,76205,ZCTA5 76205,10853,2362,62,1163,149,510,4552,1987,5023,6243,7421,7819,11248,13648,15318,3736,392,133,569,13,661,52,190,992,1289,19.1,12.0,13.3,24.1,21.0,56.8,34.9,37.3,21.8,11.9
499,76207,ZCTA5 76207,9153,871,287,338,0,408,3655,588,1813,2526,3586,4488,6909,9158,10455,1416,475,270,80,32,0,0,55,727,545,9.8,15.8,26.7,9.2,11.1,0.0,-,13.5,19.9,6.0
500,76208,ZCTA5 76208,15215,1066,120,647,0,1108,7055,855,2534,3968,6113,6589,10307,13721,16194,1865,714,269,268,12,67,0,98,651,765,7.6,11.1,12.8,25.1,10.0,10.4,-,8.8,9.2,5.0
509,76234,ZCTA5 76234,12063,244,95,210,36,530,3425,1047,1996,2368,3475,4655,7622,9876,11077,1605,648,232,25,0,0,0,3,689,862,9.9,15.0,19.8,10.2,0.0,0.0,0.0,0.6,20.1,7.1
512,76240,ZCTA5 76240,18980,964,255,289,31,248,6074,1677,5475,6509,8788,9743,14768,18946,21811,4498,2067,700,360,79,7,7,39,1821,2075,16.6,32.2,36.5,37.3,31.0,2.4,22.6,15.7,30.0,10.9
513,76244,ZCTA5 76244,48688,7338,140,6393,48,1847,12045,795,2811,4475,6314,8864,19171,30202,44237,2099,173,56,70,49,644,0,0,583,577,2.7,0.7,1.0,1.0,35.0,10.1,0.0,0.0,4.8,1.2
515,76247,ZCTA5 76247,10380,337,110,34,0,499,2132,462,1259,1946,2687,3034,4878,7002,8354,851,286,54,34,0,7,0,2,198,564,6.4,7.7,5.7,10.1,0.0,20.6,-,0.4,9.3,5.4
516,76248,ZCTA5 76248,30706,874,186,2541,0,424,4028,943,1433,1744,2871,3323,5921,9130,14026,1186,401,49,0,0,227,0,18,190,745,3.0,3.7,2.5,0.0,0.0,8.9,-,4.2,4.7,2.4
526,76262,ZCTA5 76262,30045,1349,167,2400,0,1081,4496,840,2381,2916,3994,4798,7362,11429,17016,1958,558,144,79,11,356,0,86,350,1071,5.0,4.9,4.8,5.9,6.6,14.8,-,8.0,7.8,3.6
536,76301,ZCTA5 76301,5997,2991,172,54,0,1568,5087,1908,5384,6304,7438,8389,11166,12879,13711,4437,1332,423,1279,101,11,0,396,1504,1539,30.6,37.1,34.8,42.8,58.7,20.4,-,25.3,29.6,25.7
538,76305,ZCTA5 76305,3591,45,64,130,0,184,313,278,584,719,938,1048,1814,2654,3017,531,178,18,39,39,0,0,48,141,282,12.5,20.5,10.8,86.7,60.9,0.0,-,26.1,45.0,7.9
542,76310,ZCTA5 76310,14335,688,75,1029,41,264,2607,747,2240,2857,3783,4555,8232,11017,13789,1550,344,114,5,0,288,27,0,159,1069,8.1,7.0,9.5,0.7,0.0,28.0,65.9,0.0,6.1,7.5
543,76311,ZCTA5 76311,1434,242,13,36,0,68,331,3,219,397,567,711,1201,1673,1835,36,3,0,8,0,0,0,0,15,13,1.7,0.4,0.0,3.3,0.0,0.0,-,0.0,4.5,0.9
545,76354,ZCTA5 76354,10021,425,160,88,0,154,1096,696,2241,2753,3516,3834,6532,8599,9931,1682,524,142,29,38,0,0,0,39,1576,14.1,17.9,16.6,6.8,23.8,0.0,-,0.0,3.6,15.7
561,76384,ZCTA5 76384,6686,1218,192,118,0,918,3555,1112,3351,4221,4760,5134,7614,9185,9850,2326,739,146,497,38,0,0,296,824,1004,19.7,28.4,22.4,40.8,19.8,0.0,-,32.2,23.2,15.0
564,76401,ZCTA5 76401,22728,509,670,274,27,1271,5339,2653,6860,8106,9687,10645,15035,19525,22552,5878,788,232,189,51,0,0,484,1304,4300,20.3,12.5,13.0,37.1,7.6,0.0,0.0,38.1,24.4,18.9
570,76430,ZCTA5 76430,1904,0,1,6,0,27,296,187,346,487,634,705,1425,1686,1883,274,85,78,0,0,0,0,0,20,254,12.1,15.0,42.6,-,0.0,0.0,-,0.0,6.8,13.3
582,76448,ZCTA5 76448,3597,215,0,110,0,351,1233,551,1307,1734,2286,2408,3268,3548,4121,1148,341,76,73,0,0,0,20,557,573,22.6,36.8,21.6,34.0,-,0.0,-,5.7,45.2,15.9
611,76501,ZCTA5 76501,8236,2874,19,144,14,348,5091,1149,5067,5763,6707,7251,10237,12388,13592,3389,1333,563,1137,0,110,0,92,1256,834,20.3,32.8,48.4,39.6,0.0,76.4,0.0,26.4,24.7,10.1
612,76502,ZCTA5 76502,27269,4055,232,849,10,823,8492,2331,4996,6516,8268,9100,18583,25217,29947,3708,1496,736,637,6,68,10,62,1415,1588,8.9,13.2,17.0,15.7,2.6,8.0,100.0,7.5,16.7,5.8
613,76504,ZCTA5 76504,10267,4683,125,323,0,603,7217,2621,6833,8665,10904,11572,15869,18770,20865,5208,2041,490,1607,32,47,0,79,1406,2055,22.7,36.4,31.1,34.3,25.6,14.6,-,13.1,19.5,20.0
616,76513,ZCTA5 76513,24282,2255,129,687,205,1229,8752,1443,5772,7230,9714,10485,16971,21915,25151,4156,1490,344,528,14,22,9,188,1361,2215,11.2,14.4,13.1,23.4,10.9,3.2,4.4,15.3,15.6,9.1
624,76527,ZCTA5 76527,2159,10,11,0,0,64,744,118,466,807,965,1002,1521,1918,2128,399,117,71,0,0,0,0,8,177,222,13.6,15.0,37.6,0.0,0.0,-,-,12.5,23.8,10.3
634,76543,ZCTA5 76543,9231,12259,185,903,334,1220,7362,2413,8626,10385,13547,14902,20778,25074,27244,5554,2266,720,2861,125,199,21,211,1653,858,18.4,27.5,26.8,23.3,67.6,22.0,6.3,17.3,22.5,9.3
635,76544,ZCTA5 76544,5960,1244,128,436,115,531,2855,936,3124,4282,5648,6283,8890,9840,10445,1861,998,515,115,24,51,25,108,629,947,16.7,21.4,23.7,9.2,18.8,11.7,21.7,20.3,22.0,15.9
651,76574,ZCTA5 76574,9090,1638,45,185,0,1106,7227,559,3108,3872,4909,6473,10983,13395,15116,2381,788,196,410,11,0,0,54,1162,654,12.7,20.2,20.2,25.0,24.4,0.0,-,4.9,16.1,7.2
654,76579,ZCTA5 76579,4265,35,4,0,0,16,861,199,669,783,1089,1434,2557,3448,3852,541,264,70,0,0,0,0,0,241,300,10.4,16.1,14.3,0.0,0.0,-,-,0.0,28.0,7.0
666,76629,ZCTA5 76629,1161,318,0,13,18,5,79,173,461,483,573,654,894,1058,1235,320,54,18,115,0,0,0,0,4,193,20.0,24.0,42.9,36.2,-,0.0,0.0,0.0,5.1,16.6
671,76634,ZCTA5 76634,6156,99,21,35,0,9,792,306,1415,1729,2332,2602,3922,4798,5304,1095,453,103,11,0,15,0,9,314,755,15.3,33.6,30.8,11.1,0.0,42.9,-,100.0,39.6,12.3
679,76642,ZCTA5 76642,4472,1114,23,62,12,100,718,595,1584,1910,2592,2605,3835,4632,5544,1154,421,122,447,0,0,0,0,28,679,17.9,29.4,34.5,40.1,0.0,0.0,0.0,0.0,3.9,15.2
681,76645,ZCTA5 76645,4692,1330,79,95,0,770,3534,609,1943,2350,3545,4042,6043,7547,8483,1236,382,126,315,0,0,0,127,502,419,12.5,15.0,16.0,23.7,0.0,0.0,-,16.5,14.2,8.9
689,76655,ZCTA5 76655,7118,194,3,69,0,111,820,166,826,959,1102,1152,2117,3431,4594,604,269,68,90,0,4,0,0,111,399,7.3,13.2,21.7,46.4,0.0,5.8,-,0.0,13.5,5.6
691,76657,ZCTA5 76657,6321,422,28,162,0,168,2922,419,1275,1783,2343,2600,4257,5267,6121,720,264,44,18,0,0,0,59,378,324,7.2,10.3,8.3,4.3,0.0,0.0,-,35.1,12.9,5.1
697,76667,ZCTA5 76667,5132,2234,343,92,55,265,3077,938,3074,3857,4800,4950,7286,8880,9572,2363,1008,365,456,0,40,55,55,863,964,22.0,38.2,46.8,20.4,0.0,43.5,100.0,20.8,28.0,18.8
698,76670,ZCTA5 76670,798,182,12,0,0,63,482,111,286,455,671,696,835,1014,1272,216,75,28,47,8,0,0,43,78,83,14.3,21.4,38.9,25.8,66.7,-,-,68.3,16.2,10.4
706,76682,ZCTA5 76682,2177,147,21,0,3,84,493,126,421,486,678,795,1337,2020,2441,297,92,9,25,10,0,0,9,65,207,10.4,13.8,4.1,17.0,47.6,-,0.0,10.7,13.2,9.5
716,76704,ZCTA5 76704,627,5571,11,0,0,83,1492,1900,4513,5203,5677,5884,7142,7440,7575,3746,1758,645,2366,11,0,0,28,959,294,48.1,72.3,83.1,42.5,100.0,-,-,33.7,64.3,46.9
717,76705,ZCTA5 76705,15096,5163,322,223,29,602,7916,2532,8414,10302,13399,14427,19372,23565,26316,5978,2406,769,1639,14,129,0,68,1590,2480,20.6,31.0,38.5,31.7,4.3,57.8,0.0,11.3,20.1,16.4
718,76706,ZCTA5 76706,19098,4812,204,719,84,1269,11433,7761,15120,17661,20750,21656,27523,30891,33002,12672,2268,1069,2242,164,357,0,113,2602,7326,34.5,26.1,36.6,46.6,80.4,49.7,0.0,8.9,22.8,38.4
721,76710,ZCTA5 76710,13553,4519,65,174,0,868,5986,1534,4946,6217,7957,9174,13594,16785,19779,3685,975,326,847,0,14,0,406,1714,1143,15.1,20.0,18.7,18.7,0.0,8.0,-,46.8,28.6,8.4
723,76712,ZCTA5 76712,18060,2008,67,821,0,388,3735,461,1759,3082,4457,4917,9357,13023,16393,1207,389,0,369,17,33,0,0,85,640,4.8,6.3,0.0,18.4,25.4,4.0,-,0.0,2.3,3.5
725,76801,ZCTA5 76801,15753,1006,139,208,0,268,6034,1361,5187,6539,9177,9603,14328,17330,19579,3404,1006,318,181,8,3,0,24,1017,2179,14.5,18.5,22.3,18.0,5.8,1.4,-,9.0,16.9,13.8
773,76903,ZCTA5 76903,11824,1244,130,93,9,2397,16929,2532,8310,9894,12708,13572,20258,24430,27725,5722,1878,605,498,68,8,0,614,3041,2152,19.0,26.5,36.1,40.0,52.3,8.6,0.0,25.6,18.0,18.2
774,76904,ZCTA5 76904,21227,1252,137,662,43,1654,10453,1406,3905,4848,7091,8037,13802,18379,22647,3047,944,318,189,0,35,0,192,1224,1562,8.9,11.6,13.0,15.1,0.0,5.3,0.0,11.6,11.7,7.4
775,76905,ZCTA5 76905,5848,480,73,205,0,746,5450,558,1699,2145,3024,3452,6290,8615,10045,1386,536,220,0,0,0,0,41,931,455,11.4,14.3,15.0,0.0,0.0,0.0,-,5.5,17.1,7.8
780,76934,ZCTA5 76934,780,6,9,6,0,27,145,82,265,281,298,438,571,707,808,225,50,0,6,0,0,0,0,78,141,23.8,25.1,0.0,100.0,0.0,0.0,-,0.0,53.8,18.1
782,76936,ZCTA5 76936,1376,16,0,0,11,1098,1580,186,562,626,791,880,1557,2004,2381,467,107,47,8,0,0,0,242,264,195,15.7,13.6,21.7,50.0,-,-,0.0,22.0,16.7,14.2
790,76950,ZCTA5 76950,1342,2,14,0,6,1405,2499,347,601,737,990,1209,2318,2699,3004,552,216,65,2,0,0,0,296,503,47,14.3,21.4,19.7,100.0,0.0,-,0.0,21.1,20.1,3.5
803,77009,ZCTA5 77009,10344,2144,155,424,66,6169,22580,3034,8779,10618,13767,14444,19569,23029,25449,6933,2466,972,1057,71,55,0,1462,5279,488,19.3,30.7,39.0,49.3,45.8,13.0,0.0,23.7,23.4,4.7
805,77011,ZCTA5 77011,709,257,69,175,10,4103,16313,1540,7232,8462,9874,10476,13622,15734,16512,6229,2368,711,110,10,9,10,1040,5844,250,35.7,53.5,55.0,42.8,14.5,5.1,100.0,25.3,35.8,35.3
806,77012,ZCTA5 77012,386,690,64,186,0,6675,18360,1269,6547,7819,9480,10253,15848,17438,18784,4584,1842,537,87,54,178,0,1437,4163,172,23.5,33.4,35.4,12.6,84.4,95.7,-,21.5,22.7,44.6
807,77013,ZCTA5 77013,1109,3832,32,65,20,639,12831,1938,5533,7214,8769,9509,13449,15659,16566,4291,1966,619,759,0,0,0,120,3349,164,24.0,37.7,37.9,19.8,0.0,0.0,0.0,18.8,26.1,14.8
809,77015,ZCTA5 77015,6632,9626,536,1027,16,2216,38778,4668,15756,19914,25993,27947,40466,46864,50798,12175,5978,1483,1330,0,15,0,94,9876,885,21.6,33.3,31.5,13.8,0.0,1.5,0.0,4.2,25.5,13.3
811,77017,ZCTA5 77017,2254,1293,158,1030,30,8358,28355,2342,8150,10181,13355,14163,21953,26474,29524,6289,2510,629,352,9,296,0,1428,5261,342,19.1,28.8,27.0,27.2,5.7,28.7,0.0,17.1,18.6,15.2
814,77020,ZCTA5 77020,968,5868,83,47,0,7428,19271,3295,10569,12960,15811,16507,21302,23559,24905,8396,3273,1161,2536,0,0,0,2439,5660,239,32.0,45.1,52.4,43.2,0.0,0.0,-,32.8,29.4,24.7
815,77021,ZCTA5 77021,2720,18687,155,906,0,258,3702,3904,9223,10161,12056,12634,17561,19837,21747,7492,2414,763,5830,69,139,0,177,1184,422,28.9,42.6,45.2,31.2,44.5,15.3,-,68.6,32.0,15.5
816,77022,ZCTA5 77022,1365,5311,79,178,8,2496,20974,3167,11814,13761,16884,17557,22649,25376,26525,9135,3596,993,2044,45,82,0,534,6681,307,32.8,46.6,43.7,38.5,57.0,46.1,0.0,21.4,31.9,22.5
820,77026,ZCTA5 77026,516,10739,0,190,36,2224,9760,3067,8643,10239,12380,12975,16969,19095,20050,7220,2396,614,3303,0,42,0,739,3735,130,33.9,50.6,52.5,30.8,-,22.1,0.0,33.2,38.3,25.2
822,77028,ZCTA5 77028,337,11614,42,0,0,503,5255,2195,6532,8423,10297,10643,13656,15540,16473,5072,1764,358,3227,0,0,0,163,1631,163,29.2,39.2,38.5,27.8,0.0,-,-,32.4,31.0,48.4
823,77029,ZCTA5 77029,1204,3497,36,0,0,1016,12909,1710,6195,7599,9773,10014,13506,15420,16391,4822,1928,426,967,5,0,0,286,3639,190,27.3,38.7,35.1,27.7,13.9,-,-,28.1,28.2,15.8
826,77032,ZCTA5 77032,922,6123,0,121,13,1502,7431,4250,6878,7754,9223,9757,12917,13598,13977,5941,3346,720,3094,0,109,0,40,2514,346,41.1,56.9,53.2,50.5,-,90.1,0.0,2.7,33.8,37.5
827,77033,ZCTA5 77033,358,20241,34,91,45,877,9647,3082,11647,14085,17015,18202,23661,27069,28629,8498,3833,1158,5449,0,60,0,116,2711,186,27.9,43.3,48.8,26.9,0.0,65.9,0.0,13.2,28.1,52.0
828,77034,ZCTA5 77034,4994,4160,38,1893,0,2228,29238,1934,10240,14183,16381,18434,25892,31268,35867,7208,3388,1248,649,0,110,0,325,5399,924,17.8,27.9,34.4,15.6,0.0,5.8,-,14.6,18.5,18.5
830,77036,ZCTA5 77036,5827,10581,326,11094,79,21035,45853,10402,32679,37947,45116,47682,60240,65676,68449,24642,10582,3574,4284,49,2733,42,7508,16626,823,33.3,50.2,54.8,40.5,15.0,24.6,53.2,35.7,36.3,14.1
831,77037,ZCTA5 77037,923,135,22,50,0,908,17772,3556,6856,8969,10946,11627,15076,17333,18198,5385,2824,763,4,17,14,0,114,5210,140,28.5,48.2,47.7,3.0,77.3,28.0,-,12.6,29.3,15.2
832,77038,ZCTA5 77038,1536,5306,162,2608,0,1104,22400,2582,11807,13437,17761,18708,23366,27096,29163,8605,3942,950,942,0,268,0,185,7249,146,27.0,36.9,31.0,17.8,0.0,10.3,-,16.8,32.4,9.5
833,77039,ZCTA5 77039,1397,2470,176,194,0,985,24667,3233,11760,14524,16956,18697,23511,26375,27878,9510,4357,1239,461,52,98,0,84,8769,182,33.0,44.7,45.7,18.7,29.5,50.5,-,8.5,35.5,13.0
834,77040,ZCTA5 77040,13355,6975,213,3976,84,4230,22900,2516,8195,11835,15194,16837,26045,31918,36617,5966,1907,353,1125,0,496,0,745,3696,692,12.6,17.6,13.3,16.1,0.0,12.5,0.0,17.6,16.1,5.2
835,77041,ZCTA5 77041,9631,3381,180,4939,31,4449,15396,983,4243,5153,8421,9196,14359,19057,21473,2715,1038,249,577,10,110,0,644,1685,316,8.0,13.5,16.1,17.1,5.6,2.2,0.0,14.5,10.9,3.3
837,77043,ZCTA5 77043,10583,1082,0,2165,0,1400,10592,1563,4798,5658,7440,8249,11908,15566,17236,3363,1327,427,178,0,373,0,140,2023,785,13.7,23.0,21.4,16.5,-,17.2,-,10.0,19.1,7.4
838,77044,ZCTA5 77044,11661,14643,398,726,61,1275,21254,2305,6987,9854,12088,13839,20585,27460,32983,5020,2312,761,1941,0,11,0,218,2635,478,10.3,14.9,15.8,13.3,0.0,1.5,0.0,17.1,12.4,4.1
839,77045,ZCTA5 77045,976,17304,0,228,0,1844,17728,2889,6942,8840,13609,15021,23161,29324,32332,5366,2323,554,2417,0,0,0,252,2895,121,14.8,22.6,23.9,14.0,-,0.0,-,13.7,16.3,12.4
841,77047,ZCTA5 77047,1961,21930,94,595,0,1007,8321,1668,5317,8016,10378,10970,16831,21818,25803,3917,1846,274,1372,0,0,0,672,2355,169,12.0,20.3,10.9,6.3,0.0,0.0,-,66.7,28.3,8.6
842,77048,ZCTA5 77048,416,12224,10,309,0,1349,5399,2438,6515,7355,8853,9230,11157,13361,15442,4444,2131,559,3179,0,0,0,23,1243,19,24.3,38.3,33.6,26.0,0.0,0.0,-,1.7,23.0,4.6
843,77049,ZCTA5 77049,3715,7923,332,1096,0,2217,23256,1546,5963,9015,11462,12352,22101,27276,30188,4542,1762,437,1164,0,26,0,396,2954,364,12.5,15.1,14.2,14.7,0.0,2.4,-,17.9,12.7,9.8
844,77050,ZCTA5 77050,104,1871,60,0,0,117,2766,157,1460,1851,2675,2906,3477,3826,4227,988,420,50,228,0,0,0,0,755,5,20.8,32.4,20.0,12.2,0.0,-,-,0.0,27.3,4.8
845,77051,ZCTA5 77051,421,13263,34,191,0,612,2988,2172,6946,8583,9932,10858,13901,15212,15638,6070,2680,736,4891,12,2,0,0,910,24,35.3,54.8,64.6,36.9,35.3,1.0,-,0.0,30.5,5.7
846,77053,ZCTA5 77053,848,13091,70,294,0,1998,17236,3014,8711,10461,13649,15769,22012,26466,28882,6639,3198,836,2921,41,0,0,247,3591,127,21.0,34.2,40.2,22.3,58.6,0.0,-,12.4,20.8,15.0
847,77054,ZCTA5 77054,6397,8169,119,5746,21,463,1903,3162,5841,6407,7476,7970,12193,16103,18490,4910,493,159,1471,0,1060,0,101,640,1244,21.2,21.1,15.5,18.0,0.0,18.4,0.0,21.8,33.6,19.4
848,77055,ZCTA5 77055,14833,2030,399,1853,0,17713,24767,3708,12123,14798,18060,19895,25441,29042,30915,9802,3886,1316,686,18,56,0,6480,7989,1012,22.1,32.9,35.2,33.8,4.5,3.0,-,36.6,32.3,6.8
853,77060,ZCTA5 77060,2159,7487,233,665,134,2135,35036,6539,20615,26032,30655,32683,40222,43241,44674,15022,6999,2558,2492,0,224,134,578,11721,454,33.0,43.2,47.7,33.3,0.0,33.7,100.0,27.1,33.5,21.0
854,77061,ZCTA5 77061,2165,6134,63,1431,23,5847,16671,2694,7409,9808,12169,13626,18158,20423,23237,5257,2380,796,1993,0,244,0,810,2654,347,20.0,31.4,35.3,32.5,0.0,17.1,0.0,13.9,15.9,16.0
857,77064,ZCTA5 77064,13425,6758,216,8055,38,3402,18623,2490,8176,10213,12839,14084,22648,30240,35847,6156,2391,548,863,24,796,0,539,3731,605,12.8,20.3,18.5,12.8,11.1,9.9,0.0,15.8,20.0,4.5
863,77070,ZCTA5 77070,23599,10125,116,4792,0,2351,13680,2321,7333,10238,14338,16758,24473,31659,36736,4970,1680,736,1410,0,448,0,230,1448,1586,9.4,13.0,24.5,13.9,0.0,9.3,-,9.8,10.6,6.7
866,77073,ZCTA5 77073,5829,13109,116,751,0,4634,20259,2805,7480,11403,14756,17156,26090,31296,34419,5020,1745,376,1391,0,111,0,607,2925,547,12.6,15.0,12.6,10.6,0.0,14.8,-,13.1,14.4,9.4
868,77075,ZCTA5 77075,3411,7016,142,3385,19,5188,30021,2548,9755,12288,16832,18908,28386,35134,38917,7038,2808,680,1963,7,587,0,987,3687,610,15.8,21.8,19.8,28.0,4.9,17.3,0.0,19.0,12.3,17.9
870,77077,ZCTA5 77077,23629,12865,207,7658,70,1900,13604,2913,8880,11352,14229,15110,23217,30543,36408,6483,1965,643,1905,0,273,0,270,2462,1612,10.9,15.3,15.5,14.8,0.0,3.6,0.0,14.2,18.1,6.8
874,77081,ZCTA5 77081,4671,8091,126,2616,0,4690,36720,6931,22776,26908,32642,34900,43188,46051,48665,18449,8745,2933,1752,55,825,0,2427,14969,625,35.0,53.1,52.1,21.7,43.7,31.5,-,51.7,40.8,13.4
879,77086,ZCTA5 77086,2285,4996,181,2467,0,3108,18698,2321,8652,11132,12843,14034,19821,23255,26467,6141,2669,673,921,37,522,0,498,4189,422,21.5,30.6,32.0,18.4,20.4,21.2,-,16.0,22.4,18.5
880,77087,ZCTA5 77087,1342,5018,155,282,0,5716,30762,4023,12482,16004,20808,22436,27779,32666,34879,9058,4153,1776,1240,78,152,0,1703,7324,391,24.1,37.0,50.8,24.7,50.3,53.9,-,29.8,23.8,29.1
884,77091,ZCTA5 77091,2367,12536,21,222,7,845,12474,2468,9505,11369,13941,15568,20722,22786,24365,6898,2820,692,3881,0,109,0,263,2868,520,25.1,36.0,31.2,31.0,0.0,49.1,0.0,31.1,23.0,22.0
885,77092,ZCTA5 77092,7890,4266,17,584,0,14268,25088,4597,14926,17742,21596,23284,27889,30957,33358,12062,4546,1730,1266,0,128,0,6501,9522,875,31.5,45.3,46.7,29.7,0.0,21.9,-,45.6,38.0,11.1
887,77094,ZCTA5 77094,6239,345,11,2429,0,222,1040,83,242,286,437,480,1008,1887,2823,210,48,26,0,0,9,0,19,36,131,2.0,1.7,3.7,0.0,0.0,0.4,-,8.6,3.5,2.1
888,77095,ZCTA5 77095,31734,10195,344,9078,0,4017,17762,2552,6902,8982,11367,12294,22153,32998,42944,5100,1645,690,789,0,752,0,582,1390,2188,7.2,9.2,14.7,7.7,0.0,8.3,-,14.5,7.8,6.9
893,77301,ZCTA5 77301,11184,3455,251,353,12,1637,17615,2209,8525,11370,14998,16884,22740,26778,29337,6260,2433,714,1158,28,4,0,82,3689,1333,19.0,27.0,26.1,33.5,11.2,1.1,0.0,5.0,20.9,11.9
894,77302,ZCTA5 77302,13338,234,0,318,0,207,4351,841,3288,3891,4506,4993,7931,11637,13516,2292,1161,88,24,0,0,0,58,1069,1199,12.3,22.3,7.7,10.3,-,0.0,-,28.0,24.6,9.0
895,77303,ZCTA5 77303,12627,864,218,249,0,647,6661,1211,4172,4998,6879,7906,12729,15471,17364,2734,1152,291,127,15,0,0,53,1203,1487,13.3,20.2,22.1,14.7,6.9,0.0,-,8.2,18.1,11.8
902,77327,ZCTA5 77327,13717,1608,0,19,5,2580,6965,2235,6932,9336,11093,11655,15326,17697,19610,4513,1819,442,265,0,0,5,366,1638,2616,20.1,24.5,23.8,16.5,-,0.0,100.0,14.2,23.5,19.1
906,77335,ZCTA5 77335,1724,229,48,0,0,154,915,187,521,621,859,919,1702,1950,2327,270,98,17,35,0,0,0,3,3,232,9.1,16.8,16.3,15.3,0.0,-,-,1.9,0.3,13.5
910,77340,ZCTA5 77340,14580,5936,178,679,5,233,4017,5932,8997,10440,12347,13165,16601,20488,21974,8324,1110,210,2580,55,296,5,91,1727,3598,32.3,27.7,23.9,43.5,30.9,43.6,100.0,39.1,43.0,24.7
915,77351,ZCTA5 77351,23911,1874,694,363,49,346,3588,2479,6809,8690,11037,12642,17281,22128,24457,5496,2083,613,247,157,0,0,60,808,4307,17.8,31.4,32.4,13.2,22.6,0.0,0.0,17.3,22.5,18.0
919,77357,ZCTA5 77357,14121,548,13,44,0,1751,12204,1340,6138,7598,10764,11507,17116,20345,22068,4378,1971,781,27,8,0,0,499,2430,1901,15.8,23.4,29.9,4.9,61.5,0.0,-,28.5,19.9,13.5
932,77373,ZCTA5 77373,24803,13850,84,1774,279,4660,19589,2858,8830,10919,15474,16582,28705,38735,46896,6025,2421,636,1669,0,181,0,922,2477,1420,9.8,15.3,15.3,12.1,0.0,10.2,0.0,19.8,12.6,5.7
934,77375,ZCTA5 77375,28396,6782,357,2724,0,2860,16229,1183,6708,7916,10552,12044,21693,29932,36879,4163,1622,518,405,357,83,0,549,2152,1210,7.5,10.4,10.3,6.0,100.0,3.0,-,19.2,13.3,4.3
937,77378,ZCTA5 77378,8845,1523,16,64,0,505,6464,1821,4187,5510,8039,8460,11501,13814,15236,3483,1686,583,0,0,0,0,34,2532,924,20.0,31.3,55.1,0.0,0.0,0.0,-,6.7,39.2,10.4
939,77380,ZCTA5 77380,16622,2223,26,1493,0,664,4922,894,3220,3832,5427,6064,9874,12753,15270,2061,591,41,494,26,38,0,68,717,765,8.0,13.4,2.9,22.2,100.0,2.5,-,10.2,14.6,4.6
943,77385,ZCTA5 77385,15355,1291,256,1418,0,852,6570,460,2353,2997,3847,4614,8269,11573,14343,1418,350,35,189,19,34,0,200,335,860,5.7,5.1,1.7,14.6,7.4,2.4,-,23.5,5.1,5.6
947,77396,ZCTA5 77396,10839,19374,151,1672,106,4840,22909,2760,7371,9978,14758,15685,24004,33629,40982,6094,2382,521,1538,0,114,29,883,3852,638,10.9,15.6,11.0,7.9,0.0,6.8,27.4,18.2,16.8,5.9
952,77414,ZCTA5 77414,9544,3459,73,194,115,4389,10035,2474,6271,7684,9007,9450,13946,16619,18771,4563,1959,433,1267,6,36,88,828,2143,983,19.3,31.8,25.1,36.6,8.2,18.6,76.5,18.9,21.4,10.3
954,77417,ZCTA5 77417,585,739,117,0,0,83,1211,364,839,889,1161,1192,1627,2075,2226,609,87,0,144,0,0,0,0,370,69,23.9,15.8,0.0,19.5,0.0,-,-,0.0,30.6,11.8
959,77423,ZCTA5 77423,4670,2005,268,195,0,2205,5183,566,2066,2627,3394,3952,6415,8310,9555,1662,468,82,344,0,0,0,433,877,441,13.6,13.9,8.6,17.2,0.0,0.0,-,19.6,16.9,9.4
975,77445,ZCTA5 77445,4833,4249,77,77,0,2717,4764,989,3873,5198,7400,7454,9414,10826,11826,2896,1296,589,999,0,0,0,837,1076,762,20.5,30.8,45.8,23.5,0.0,0.0,-,30.8,22.6,15.8
977,77447,ZCTA5 77447,8202,1346,0,311,15,2241,5934,640,2637,2832,3982,4187,6793,9434,11381,2055,920,189,201,0,0,0,129,1172,586,12.9,19.9,15.4,14.9,-,0.0,0.0,5.8,19.8,7.1
988,77459,ZCTA5 77459,25293,19310,227,16598,108,1880,9455,1484,2946,4059,6448,7497,16291,25185,34265,2298,454,79,346,0,499,0,84,340,1118,3.2,2.4,1.7,1.8,0.0,3.0,0.0,4.5,3.6,4.4
996,77469,ZCTA5 77469,17831,9788,143,6351,12,2119,17447,1709,5924,8776,10777,12025,20756,28388,34285,3635,1165,346,770,0,141,12,292,1817,883,6.9,8.8,11.3,7.9,0.0,2.2,100.0,13.8,10.4,5.0
998,77471,ZCTA5 77471,9710,5804,68,563,7,3212,24799,3124,9080,11832,16818,18201,26915,31889,35459,6240,2816,1092,674,10,147,0,1294,5065,315,15.2,22.9,30.1,11.6,14.7,26.1,0.0,40.3,20.4,3.2
1000,77474,ZCTA5 77474,6735,952,0,16,0,1939,4492,353,1833,2214,2993,3374,6565,8199,9315,1610,615,262,301,0,0,0,625,848,480,13.0,18.2,27.8,31.6,-,0.0,-,32.2,18.9,7.1
1003,77477,ZCTA5 77477,7030,9999,0,8510,0,2682,9484,1947,6612,8373,10585,11372,17963,24365,29542,5349,1701,334,1532,0,1108,0,575,1752,846,14.9,21.6,18.2,15.3,-,13.0,-,21.4,18.5,12.0
1004,77478,ZCTA5 77478,12533,1551,114,8296,0,621,2695,1398,2378,2929,4015,4452,7228,11085,13434,1840,246,83,27,19,539,0,43,220,980,7.2,6.0,9.7,1.7,16.7,6.5,-,6.9,8.2,7.8
1006,77480,ZCTA5 77480,5411,759,0,0,0,441,1766,501,1606,2021,2443,2575,4321,5414,6206,1269,582,76,348,0,0,0,56,372,549,15.9,27.7,15.4,45.8,-,-,-,12.7,21.1,10.1
1007,77481,ZCTA5 77481,10,25,0,0,0,0,0,0,23,23,23,23,25,25,25,23,0,0,23,0,0,0,0,0,0,65.7,-,-,92.0,-,-,-,-,-,0.0
1010,77484,ZCTA5 77484,6937,749,83,86,0,1039,3036,948,1860,2477,3020,3231,5687,7181,8621,1377,454,292,256,0,30,0,144,440,651,12.7,16.5,38.6,34.2,0.0,34.9,-,13.9,14.5,9.4
1015,77493,ZCTA5 77493,18444,3239,205,1205,0,3136,12640,679,3394,5046,6462,7556,13482,18173,22689,1800,570,131,72,51,35,0,424,1099,473,5.0,5.6,4.3,2.2,24.9,2.9,-,13.5,8.7,2.6
1016,77494,ZCTA5 77494,54202,10047,1015,23352,25,3219,27274,3027,6675,8142,10976,11963,17661,28593,45760,4944,1213,379,650,0,1072,0,13,1888,1321,4.2,3.1,4.3,6.5,0.0,4.6,0.0,0.4,6.9,2.4
1019,77503,ZCTA5 77503,6527,773,252,42,19,787,17074,1174,5765,7302,9809,10623,17088,20077,21516,3667,1352,429,333,24,26,0,39,2508,760,14.9,17.0,19.2,43.1,9.5,61.9,0.0,5.0,14.7,11.6
1022,77506,ZCTA5 77506,3066,525,466,74,0,1075,34693,3068,12087,15411,19862,21955,30604,33828,35944,8891,4210,1525,114,134,0,0,236,8256,521,23.0,32.9,40.0,21.7,28.8,0.0,-,22.0,23.8,17.0
1023,77507,ZCTA5 77507,213,45,0,0,0,14,54,60,60,100,100,123,143,188,237,60,0,0,0,0,0,0,0,0,60,19.2,0.0,-,0.0,-,-,-,0.0,0.0,28.2
1025,77511,ZCTA5 77511,26461,1100,76,494,13,1325,18908,1891,7741,9818,14205,15268,23251,30513,36470,5931,2187,739,210,0,2,0,552,3424,2255,12.5,17.5,19.8,19.1,0.0,0.4,0.0,41.7,18.1,8.5
1027,77515,ZCTA5 77515,16400,2314,194,618,0,1857,9203,1832,4544,5653,6991,7763,13398,18091,21255,3356,1226,277,585,0,54,0,180,1390,1351,11.5,17.5,20.0,25.3,0.0,8.7,-,9.7,15.1,8.2
1031,77520,ZCTA5 77520,10343,4546,23,258,29,3529,19305,2250,8410,10133,12910,13823,21790,26415,29143,6362,2468,827,1053,11,11,22,301,3581,1639,18.1,25.3,26.9,23.2,47.8,4.3,75.9,8.5,18.5,15.8
1032,77521,ZCTA5 77521,19766,12046,397,1460,31,1944,25203,3463,8723,11402,15803,16891,27907,36951,45655,7192,3011,939,2375,42,162,0,132,3189,1108,12.1,17.7,18.9,19.7,10.6,11.1,0.0,6.8,12.7,5.6
1033,77523,ZCTA5 77523,15286,1600,47,157,0,187,5933,1580,3158,3912,4461,4659,6678,9180,11481,2730,1495,449,138,0,0,0,0,1864,708,11.6,20.2,26.0,8.6,0.0,0.0,-,0.0,31.4,4.6
1034,77530,ZCTA5 77530,6267,4154,0,62,0,1082,22527,3168,8599,10645,13354,14063,20371,26794,29216,5650,2585,699,298,0,0,0,178,4220,1087,16.9,24.4,26.9,7.2,-,0.0,-,16.5,18.7,17.3
1039,77535,ZCTA5 77535,19367,2124,193,249,0,1572,5952,739,4450,5410,6891,7947,14768,19248,21891,2908,1069,276,439,30,37,0,129,844,1513,10.3,14.4,16.0,20.7,15.5,14.9,-,8.2,14.2,7.8
1040,77536,ZCTA5 77536,18515,462,294,527,0,897,11906,1044,2795,4009,5969,6653,11761,17467,21405,2375,849,333,146,7,0,0,78,1054,1015,7.5,11.2,18.4,31.6,2.4,0.0,-,8.7,8.9,5.5
1042,77539,ZCTA5 77539,24211,3615,314,1361,9,1976,14522,2280,8942,10551,13031,13541,19576,24827,29629,6986,2543,625,318,146,59,0,633,4286,2198,15.5,23.5,22.5,8.8,46.5,4.3,0.0,32.0,29.5,9.1
1043,77541,ZCTA5 77541,6545,2025,380,122,0,1690,9460,1763,5023,6284,8379,9889,12439,14449,15594,4156,1773,295,662,0,7,0,271,2368,1098,22.4,30.7,23.9,32.7,0.0,5.7,-,16.0,25.0,16.8
1044,77545,ZCTA5 77545,954,14478,0,376,0,3101,8966,541,3779,4824,6504,6964,11499,15470,19123,1620,443,162,782,0,0,0,638,725,113,6.5,6.0,6.1,5.4,-,0.0,-,20.6,8.1,11.8
1046,77547,ZCTA5 77547,808,1019,103,0,0,963,8019,1141,3617,4555,5191,5605,7223,8256,8846,3159,1539,245,270,0,0,0,160,2687,202,32.0,48.9,37.3,26.5,0.0,-,-,16.6,33.5,25.0
1049,77554,ZCTA5 77554,6370,62,9,170,0,6,1102,298,672,891,1401,1486,2334,3194,4437,576,58,17,27,0,14,0,3,116,413,7.4,6.9,9.5,43.5,0.0,8.2,-,50.0,10.5,6.5
1058,77571,ZCTA5 77571,21132,2218,158,439,0,1671,12618,1266,4789,6535,7869,9054,15726,21496,25037,3554,1228,361,295,29,98,0,565,1428,1721,9.5,14.9,14.9,13.3,18.4,22.3,-,33.8,11.3,8.1
1062,77578,ZCTA5 77578,9997,5437,295,1866,0,1228,5089,538,1852,2515,4499,4499,7713,9958,12413,1268,341,81,365,0,273,0,0,58,572,5.6,5.0,5.9,6.7,0.0,14.6,-,0.0,1.1,5.7
1063,77580,ZCTA5 77580,1012,74,0,0,0,0,0,0,0,170,232,232,277,379,563,0,0,0,0,0,0,0,0,0,0,0.0,0.0,0.0,0.0,-,-,-,-,-,0.0
1064,77581,ZCTA5 77581,26580,4822,441,3006,0,936,12909,1646,3311,4228,5318,5801,12339,19587,27034,2640,722,90,249,25,235,0,169,728,1391,5.5,5.5,2.6,5.2,5.7,7.8,-,18.1,5.6,5.2
1065,77583,ZCTA5 77583,9337,7675,75,2067,3,3068,14942,1605,6316,7708,10442,11056,15340,21975,24837,4080,1392,198,150,4,200,3,989,3235,470,11.9,12.9,5.9,2.0,5.3,9.7,100.0,32.2,21.7,5.0
1066,77584,ZCTA5 77584,31610,20375,712,16638,0,2586,19020,1600,3763,5654,8852,9533,21430,35394,45223,3235,859,89,607,0,567,0,300,1151,846,3.6,3.5,1.2,3.0,0.0,3.4,-,11.6,6.1,2.7
1068,77586,ZCTA5 77586,16559,937,71,492,0,112,4037,727,2204,2441,3087,3541,6242,8706,11071,1618,365,84,215,23,64,0,0,484,913,7.2,7.5,7.2,22.9,32.4,13.0,-,0.0,12.0,5.5
1069,77587,ZCTA5 77587,1215,143,137,21,0,2354,15476,1345,4695,6024,7897,8881,11873,14684,15931,3644,1698,550,15,0,0,0,464,3490,128,21.6,30.8,30.9,10.5,0.0,0.0,-,19.7,22.6,10.5
1070,77590,ZCTA5 77590,13006,6311,148,107,95,737,10611,1903,9231,11404,13194,14377,19581,23497,25831,7144,3147,1054,2007,67,19,0,160,2601,2269,22.8,39.3,51.2,31.8,45.3,17.8,0.0,21.7,24.5,17.4
1078,77615,ZCTA5 77615,926,0,0,18,0,5,5,18,59,119,188,188,422,733,763,18,0,0,0,0,0,0,0,0,9,1.7,0.0,0.0,-,-,0.0,-,0.0,0.0,1.0
1086,77627,ZCTA5 77627,17277,958,0,763,0,354,2331,391,2123,3015,4130,4388,7109,10537,14016,1413,361,78,52,0,20,0,0,354,987,6.5,6.8,5.0,5.4,-,2.6,-,0.0,15.2,5.7
1088,77630,ZCTA5 77630,18445,6132,0,204,0,267,2780,1932,5484,7423,8754,10160,14549,18029,21197,4438,1660,433,1413,0,47,0,43,780,2029,15.7,23.2,23.6,23.0,-,23.0,-,16.1,28.1,11.0
1089,77632,ZCTA5 77632,19554,1005,256,551,0,90,1169,1393,4122,4655,5420,6191,9857,13898,16178,3135,1049,473,410,64,186,0,9,328,2164,13.8,20.2,30.0,40.8,25.0,33.8,-,10.0,28.1,11.1
1090,77640,ZCTA5 77640,3297,9646,6,347,11,443,2016,2072,5105,5962,7090,7746,10588,12628,13741,4049,1578,377,3062,0,22,0,110,379,560,26.2,45.6,44.8,31.7,0.0,6.3,0.0,24.8,18.8,17.0
1091,77642,ZCTA5 77642,6526,11024,298,3627,47,805,16887,4767,13558,16071,19387,20688,28287,32081,34037,10731,4310,1200,3786,47,1206,0,294,4587,938,27.8,38.7,41.0,34.3,15.8,33.3,0.0,36.5,27.2,14.4
1093,77651,ZCTA5 77651,10034,421,0,441,24,172,1427,675,1645,2258,2963,3116,5105,6894,8685,1358,509,35,0,0,229,0,0,356,688,10.6,16.8,6.2,0.0,-,51.9,0.0,0.0,24.9,6.9
1095,77656,ZCTA5 77656,12715,2110,20,129,0,96,904,837,2741,3423,4521,5377,8797,11397,12780,2146,569,98,563,20,0,0,0,16,1487,13.3,15.4,11.2,26.7,100.0,0.0,-,0.0,1.8,11.7
1100,77662,ZCTA5 77662,23294,6,27,95,0,134,2180,1999,4465,5836,6954,7574,12142,16077,19501,3467,962,195,5,0,0,0,26,80,3227,13.3,15.6,11.0,83.3,0.0,0.0,-,19.4,3.7,13.9
1103,77665,ZCTA5 77665,5368,190,49,9,0,30,368,550,1057,1227,1494,1809,2997,3825,4635,808,177,0,11,30,9,0,22,68,720,13.3,13.6,0.0,5.8,61.2,100.0,-,73.3,18.5,13.4
1104,77701,ZCTA5 77701,1984,6706,0,328,0,516,4324,1813,4387,5689,7129,7541,10608,11727,12580,3263,1275,461,1819,0,3,0,138,1084,364,24.4,35.7,45.9,27.1,-,0.9,-,26.7,25.1,18.3
1107,77705,ZCTA5 77705,8558,11867,142,651,7,529,3616,2657,6447,7780,10144,10691,14957,18828,20947,5206,1675,241,3161,45,452,0,120,771,728,20.7,28.9,13.3,26.6,31.7,69.4,0.0,22.7,21.3,8.5
1111,77713,ZCTA5 77713,8137,3837,70,482,3,31,1437,486,886,1530,2489,2814,5280,7359,9182,712,47,33,133,25,53,0,21,34,457,5.0,1.8,3.6,3.5,35.7,11.0,0.0,67.7,2.4,5.6
1112,77801,ZCTA5 77801,5720,2378,79,715,41,1034,5956,3594,6739,8004,9297,9683,12285,13151,14060,5982,1703,507,1273,0,410,0,434,1736,2460,39.8,50.2,50.6,53.5,0.0,57.3,0.0,42.0,29.1,43.0
1114,77803,ZCTA5 77803,4366,7353,14,37,32,2522,18831,2457,10713,12566,15663,16827,22852,26900,28812,7775,3726,1261,2823,0,18,11,922,3972,803,25.3,37.5,42.6,38.4,0.0,48.6,34.4,36.6,21.1,18.4
1115,77807,ZCTA5 77807,5001,1128,325,340,0,619,3618,566,2153,2434,3131,3667,5201,6486,7927,1642,498,245,339,0,188,0,274,396,655,16.0,16.9,27.2,30.1,0.0,55.3,-,44.3,10.9,13.1
1119,77833,ZCTA5 77833,17320,3768,41,578,0,279,4960,1543,5009,6366,8512,9121,13618,17326,19985,3460,1175,284,1004,0,200,0,56,1230,948,12.8,19.0,15.3,26.6,0.0,34.6,-,20.1,24.8,5.5
1127,77856,ZCTA5 77856,4028,508,39,16,0,0,453,110,728,922,1306,1383,2321,3413,4018,442,103,4,135,0,0,0,0,14,277,8.6,8.2,2.1,26.6,0.0,0.0,-,-,3.1,6.9
1134,77868,ZCTA5 77868,6154,2595,4,0,0,841,4626,1061,3572,4501,5274,5521,8140,9672,11368,2557,1026,260,712,0,0,0,339,1100,726,18.9,27.0,25.2,27.4,0.0,-,-,40.3,23.8,11.8
1140,77879,ZCTA5 77879,3377,1060,43,0,0,337,1067,480,1302,1537,1736,1807,3128,4121,4676,922,391,98,365,0,0,0,0,144,410,16.4,33.0,28.1,34.4,0.0,-,-,0.0,13.5,12.1
1144,77905,ZCTA5 77905,10049,325,0,0,0,288,4184,357,1569,2251,2757,2907,5287,8419,10176,1136,371,95,0,0,0,0,0,581,534,7.7,10.6,10.7,0.0,-,-,-,0.0,13.9,5.3
1149,77960,ZCTA5 77960,28,0,0,0,0,0,37,0,28,28,28,28,28,28,65,28,0,0,0,0,0,0,0,0,28,43.1,-,-,-,-,-,-,-,0.0,100.0
1163,77978,ZCTA5 77978,395,44,0,10,0,0,204,71,147,162,202,259,342,492,558,86,0,0,37,0,2,0,0,4,43,12.4,0.0,0.0,84.1,-,20.0,-,-,2.0,10.9
1164,77979,ZCTA5 77979,6455,524,12,1104,7,343,9540,671,3503,4676,6138,6615,9806,12076,13981,2335,878,314,120,0,370,7,44,1388,454,13.3,20.0,29.0,22.9,0.0,33.5,100.0,12.8,14.5,7.0
1166,77983,ZCTA5 77983,1348,0,0,69,0,0,583,81,482,510,819,845,1144,1374,1629,310,90,41,0,0,17,0,0,159,120,15.2,16.9,21.7,-,-,24.6,-,-,27.3,8.9
1186,78012,ZCTA5 78012,65,0,0,0,0,25,202,5,22,49,69,73,113,167,194,20,7,4,0,0,0,0,0,16,4,7.5,11.3,21.1,-,-,-,-,0.0,7.9,6.2
1189,78015,ZCTA5 78015,11368,415,47,253,0,466,3223,453,712,755,1184,1268,2906,4897,6716,625,227,53,3,15,0,0,0,264,331,4.0,5.3,8.1,0.7,31.9,0.0,-,0.0,8.2,2.9
1191,78017,ZCTA5 78017,752,0,0,15,0,73,2865,232,875,880,1351,1394,2415,2813,3144,854,415,115,0,0,0,0,10,811,43,23.3,37.7,24.1,-,-,0.0,-,13.7,28.3,5.7
1204,78041,ZCTA5 78041,2247,490,116,385,0,956,43351,5334,13414,16810,20525,21541,28351,34327,38142,10254,4349,1418,111,27,70,0,108,9954,149,22.1,33.0,35.8,22.7,23.3,18.2,-,11.3,23.0,6.6
1207,78045,ZCTA5 78045,3877,246,178,450,0,1470,61835,3096,9323,12043,17701,20038,31658,42164,49969,6888,2819,939,2,1,156,0,162,6379,222,10.3,13.4,17.9,0.8,0.6,34.7,-,11.0,10.3,5.7
1219,78064,ZCTA5 78064,7137,61,0,86,0,305,8091,598,2337,2937,4253,4694,7096,10506,11748,1885,750,240,0,0,0,0,93,1186,602,12.0,16.6,16.7,0.0,-,0.0,-,30.5,14.7,8.4
1225,78071,ZCTA5 78071,1688,0,0,131,0,0,1363,205,613,741,882,1156,1881,2109,2331,483,128,55,0,0,0,0,0,333,150,15.2,14.8,22.9,-,-,0.0,-,-,24.4,8.9
1227,78073,ZCTA5 78073,1493,130,23,14,0,316,6791,1126,2077,2465,3260,4232,5826,7189,7908,1668,732,132,34,13,0,0,65,1489,145,19.4,29.7,20.5,26.2,56.5,0.0,-,20.6,21.9,9.7
1236,78112,ZCTA5 78112,1897,60,131,28,0,754,6338,362,1642,2141,3034,3585,5782,7387,7858,890,223,66,0,37,0,0,83,738,151,10.5,9.9,10.4,0.0,28.2,0.0,-,11.0,11.6,8.0
1238,78114,ZCTA5 78114,10877,330,95,136,0,542,11990,1022,3762,4598,6127,6877,11336,14466,16893,2770,1030,264,104,0,58,0,31,1785,763,11.8,17.7,23.2,31.5,0.0,42.6,-,5.7,14.9,7.0
1241,78118,ZCTA5 78118,1239,76,0,8,0,438,2059,413,810,973,1286,1420,2092,2509,2664,647,147,26,0,0,0,0,125,547,100,19.1,18.6,18.2,0.0,-,0.0,-,28.5,26.6,8.1
1242,78119,ZCTA5 78119,1213,118,26,153,0,750,3448,566,1175,1367,1464,1606,2291,3081,3765,963,432,246,0,0,0,0,184,846,116,19.5,35.2,66.7,0.0,0.0,0.0,-,24.5,24.5,9.6
1249,78132,ZCTA5 78132,23217,1084,29,326,11,727,5917,302,2248,2746,3328,3610,6545,9914,13970,1214,335,113,0,0,16,0,338,608,590,3.9,4.4,5.8,0.0,0.0,4.9,0.0,46.5,10.3,2.5
1251,78140,ZCTA5 78140,796,55,0,0,5,1212,2630,25,722,1168,1530,1537,2275,2767,2885,511,223,46,2,0,0,0,294,486,23,14.7,20.9,17.8,3.6,-,-,0.0,24.3,18.5,2.9
1263,78154,ZCTA5 78154,19372,5196,115,1529,182,3430,12617,952,4058,4966,7001,7826,13500,20103,27049,2366,732,208,421,0,418,49,105,555,886,5.8,6.9,7.7,8.1,0.0,27.3,26.9,3.1,4.4,4.6
1264,78155,ZCTA5 78155,22448,2694,164,668,2,9159,21450,2814,9577,11739,15517,16842,24752,31605,36885,6834,2819,799,830,0,2,0,2610,4324,1848,14.4,24.8,26.3,30.8,0.0,0.3,0.0,28.5,20.2,8.2
1285,78216,ZCTA5 78216,13723,2600,444,1165,17,2179,25273,3522,9371,10954,14326,15795,23975,30602,34626,7462,2934,947,658,164,398,0,490,4690,1661,17.3,31.2,33.5,25.3,36.9,34.2,0.0,22.5,18.6,12.1
1286,78217,ZCTA5 78217,12018,4234,58,997,41,1741,15846,3352,8394,10150,12380,14098,20176,26100,29119,6226,2547,1105,939,0,181,0,162,2747,2008,18.3,32.5,41.4,22.2,0.0,18.2,0.0,9.3,17.3,16.7
1287,78218,ZCTA5 78218,9441,5893,64,1282,3,2278,19963,3224,10096,12888,16273,17943,24224,29191,32028,7565,3105,924,2151,26,515,0,551,3655,1387,20.6,33.8,31.4,36.5,40.6,40.2,0.0,24.2,18.3,14.7
1288,78219,ZCTA5 78219,2649,5342,255,357,0,1496,8609,1638,5370,6685,8377,8652,12192,14368,15828,4105,1582,395,1550,215,76,0,442,2101,309,23.9,32.1,28.1,29.0,84.3,21.3,-,29.5,24.4,11.7
1291,78222,ZCTA5 78222,4336,4753,111,420,7,1844,15070,1709,6200,7671,9627,10349,14954,18814,21113,4893,1843,409,1121,51,15,0,329,3018,751,19.6,24.8,20.6,23.6,45.9,3.6,0.0,17.8,20.0,17.3
1292,78223,ZCTA5 78223,8350,2307,373,495,0,4197,43956,3945,13868,17909,24078,26092,38221,44888,49584,11197,3853,1356,823,163,75,0,682,8758,1583,20.2,25.8,33.5,35.7,43.7,15.2,-,16.2,19.9,19.0
1295,78226,ZCTA5 78226,400,147,248,0,0,561,7208,1334,2921,4158,4544,4748,6021,6892,7572,2433,910,277,52,224,0,0,221,2247,102,31.0,42.9,35.4,35.4,90.3,-,-,39.4,31.2,25.5
1305,78236,ZCTA5 78236,931,341,0,60,97,82,336,0,77,182,271,357,921,1315,1846,13,7,0,0,0,0,0,0,0,13,0.7,0.7,0.0,0.0,-,0.0,0.0,0.0,0.0,1.4
1316,78249,ZCTA5 78249,22596,3685,348,3983,59,2138,27357,5154,11428,13278,16399,17799,26623,34973,41764,10006,1629,444,994,105,805,25,321,4459,3518,17.1,14.8,13.3,27.0,30.2,20.2,42.4,15.0,16.3,15.6
1317,78250,ZCTA5 78250,16801,2979,766,1633,160,2754,38529,2034,6931,8929,13287,15961,28591,38008,45418,4876,1720,452,199,315,186,14,89,3539,879,7.9,11.1,11.3,6.7,41.1,11.4,8.8,3.2,9.2,5.2
1321,78254,ZCTA5 78254,20533,3593,453,1800,201,3977,31686,1703,5256,6884,8771,10583,21294,30932,39559,3852,1238,316,26,15,320,0,245,2498,976,6.6,6.9,6.8,0.7,3.3,17.8,0.0,6.2,7.9,4.8
1329,78263,ZCTA5 78263,2383,416,57,0,43,257,1567,222,657,663,864,950,1363,2278,2987,387,132,0,232,6,0,0,0,32,111,8.7,19.0,0.0,55.8,10.5,-,0.0,0.0,2.0,4.7
1330,78264,ZCTA5 78264,1606,179,0,77,0,768,8524,1062,3153,3990,4470,4926,7387,8495,9486,2918,1234,246,0,0,36,0,332,2553,263,27.6,38.3,34.7,0.0,-,46.8,-,43.2,30.0,16.4
1331,78266,ZCTA5 78266,3973,867,25,313,14,261,1261,182,183,215,236,236,698,1689,2207,183,0,0,60,0,0,0,0,2,121,2.7,0.0,0.0,6.9,0.0,0.0,0.0,0.0,0.2,3.0
1333,78332,ZCTA5 78332,3593,185,201,209,54,576,24349,2527,7429,8865,12333,13656,18071,22263,24585,6646,2751,776,70,47,0,0,121,5695,763,23.3,36.0,39.1,37.8,23.4,0.0,0.0,21.0,23.4,21.2
1335,78336,ZCTA5 78336,6205,378,64,74,0,406,4360,1128,2773,3698,4480,5273,6748,8571,9372,2236,740,296,97,57,43,0,173,1030,931,20.2,26.1,32.8,25.7,89.1,58.1,-,42.6,23.6,15.0
1341,78343,ZCTA5 78343,1056,96,16,0,0,262,3296,266,1128,1360,1428,1530,2271,2812,3326,843,343,122,13,0,0,0,88,668,104,18.7,30.2,40.0,13.5,0.0,-,-,33.6,20.3,9.8
1350,78359,ZCTA5 78359,182,7,0,7,0,18,1757,173,413,619,748,785,1229,1504,1676,298,163,55,1,0,1,0,0,265,32,15.1,32.7,43.0,14.3,-,14.3,-,0.0,15.1,17.6
1352,78362,ZCTA5 78362,4713,299,78,75,0,182,4556,365,1799,2190,3141,3546,5370,7024,7912,945,450,88,28,0,10,0,27,585,181,9.4,15.9,15.5,9.4,0.0,13.3,-,14.8,12.8,3.8
1353,78363,ZCTA5 78363,5238,855,55,687,0,1025,20457,4770,8995,10474,12448,13177,17908,20294,23150,7790,2667,882,356,20,450,0,285,6231,622,28.2,37.3,44.5,41.6,36.4,65.5,-,27.8,30.5,11.9
1360,78374,ZCTA5 78374,9813,235,57,339,31,264,7669,554,1831,2470,3340,4032,6448,9585,11989,1302,443,105,58,0,12,0,22,618,614,7.1,8.9,8.2,24.7,0.0,3.5,0.0,8.3,8.1,6.3
1365,78380,ZCTA5 78380,4847,97,141,15,0,531,19058,2525,6593,7546,9222,10028,14100,17461,20151,5698,2609,773,26,119,0,0,85,5215,338,23.6,38.2,46.3,26.8,84.4,0.0,-,16.0,27.4,7.0
1376,78402,ZCTA5 78402,171,19,0,0,0,0,46,10,45,45,52,79,89,105,196,18,0,0,0,0,0,0,0,0,18,7.6,0.0,-,0.0,-,-,-,-,0.0,10.5
1380,78407,ZCTA5 78407,353,674,0,0,0,25,1650,247,655,864,1248,1324,2014,2202,2412,533,140,72,354,0,0,0,25,159,44,20.1,21.1,43.9,52.5,-,-,-,100.0,9.6,12.5
1382,78409,ZCTA5 78409,653,20,12,0,15,71,2034,102,411,557,717,804,1723,1919,2322,320,117,52,17,0,0,0,15,214,89,11.8,16.7,26.5,85.0,0.0,-,0.0,21.1,10.5,13.6
1383,78410,ZCTA5 78410,10748,292,0,219,0,604,16825,1650,4597,6049,7270,7955,12474,16576,21279,3360,1376,231,84,0,0,0,95,2384,880,11.9,17.0,13.8,28.8,-,0.0,-,15.7,14.2,8.2
1384,78411,ZCTA5 78411,7922,946,161,309,0,249,16425,1898,5698,6380,8461,9037,13627,17691,19943,4572,1481,525,328,12,178,0,51,3149,870,17.7,27.5,35.7,34.7,7.5,57.6,-,20.5,19.2,11.0
1387,78414,ZCTA5 78414,14054,1436,177,2401,30,664,21753,1043,3432,4763,5880,6758,11633,18529,24656,2451,695,281,209,12,85,0,143,1378,715,6.1,6.4,9.1,14.6,6.8,3.5,0.0,21.5,6.3,5.1
1392,78419,ZCTA5 78419,254,197,0,24,0,0,58,0,87,87,107,124,325,413,482,29,16,5,16,0,8,0,0,5,5,5.4,7.3,4.8,8.1,-,33.3,-,-,8.6,2.0
1393,78501,ZCTA5 78501,6362,388,229,1222,59,14760,54473,7007,21353,26758,30567,32895,42162,49415,52990,16305,6335,1692,38,15,18,0,5914,15490,751,26.1,39.8,38.2,9.8,6.6,1.5,0.0,40.1,28.4,11.8
1394,78503,ZCTA5 78503,719,385,0,263,0,8639,19033,2094,8552,10158,12757,13922,16251,18409,19257,7062,3173,540,19,0,0,0,2903,6713,76,33.1,47.4,27.6,4.9,-,0.0,-,33.6,35.3,10.6
1398,78521,ZCTA5 78521,3099,63,70,155,16,2029,87007,12890,40763,47991,56030,59790,73951,82614,86372,31162,14045,4261,12,9,32,0,712,30725,376,34.5,48.6,52.7,19.0,12.9,20.6,0.0,35.1,35.3,12.1
1399,78526,ZCTA5 78526,2703,520,89,845,7,1248,44635,3961,13291,15686,18734,21179,31334,39060,42780,10090,4693,1219,64,0,48,0,477,9724,235,20.7,30.9,28.9,12.3,0.0,5.7,0.0,38.2,21.8,8.7
1411,78550,ZCTA5 78550,7279,480,244,422,12,2675,43487,6417,19900,23200,27144,28859,37160,43287,46178,16494,8191,2662,152,40,54,0,979,15377,1006,31.9,48.3,52.0,31.7,16.4,12.8,0.0,36.6,35.4,13.8
1451,78602,ZCTA5 78602,17671,1528,161,297,0,2618,7659,1295,4793,6123,8981,9323,12869,17717,20081,2799,701,385,381,0,0,0,56,612,1697,10.1,10.1,23.1,24.9,0.0,0.0,-,2.1,8.0,9.6
1457,78610,ZCTA5 78610,19217,1954,76,574,0,1742,15895,768,3058,4338,6480,7433,15622,20558,25752,2403,915,224,64,0,0,0,253,1442,733,6.3,8.5,8.0,3.3,0.0,0.0,-,14.5,9.1,3.8
1458,78611,ZCTA5 78611,9707,112,78,37,0,339,2291,540,2076,2333,3102,3523,5855,7520,9121,1529,448,120,33,9,0,0,162,240,1103,12.3,16.8,17.9,29.5,11.5,0.0,-,47.8,10.5,11.4
1460,78613,ZCTA5 78613,53307,2557,276,7280,96,1694,16092,1731,5646,7238,9790,10470,19293,29405,41009,3884,1300,203,134,0,261,80,19,1338,2014,4.8,5.7,4.3,5.2,0.0,3.6,83.3,1.1,8.3,3.8
1468,78621,ZCTA5 78621,10091,3532,18,164,0,4710,9653,959,3781,4641,6152,6726,11265,15200,17789,2493,994,339,789,0,3,0,539,937,764,10.5,16.1,22.7,22.3,0.0,1.8,-,11.4,9.7,7.6
1472,78626,ZCTA5 78626,19954,2064,73,472,72,1354,11688,960,4552,5774,7474,8701,15266,21074,25038,3374,644,178,202,0,109,0,56,1747,1297,9.7,7.6,7.5,9.8,0.0,23.1,0.0,4.1,14.9,6.5
1477,78633,ZCTA5 78633,22715,330,52,251,17,277,2058,405,1262,1977,2562,2855,5864,8650,12295,875,0,0,1,0,12,0,18,156,706,3.4,0.0,0.0,0.3,0.0,4.8,0.0,6.5,7.6,3.1
1481,78638,ZCTA5 78638,1517,21,0,0,55,250,507,125,505,519,607,647,941,1319,1804,244,40,10,21,0,0,0,18,39,205,11.4,8.2,7.2,100.0,-,-,0.0,7.2,7.7,13.5
1484,78641,ZCTA5 78641,45719,3154,136,3169,82,1282,16691,1755,5732,8052,10578,12594,22702,31486,42379,3559,1040,349,441,19,8,0,65,1247,1838,5.0,5.0,5.9,14.0,14.0,0.3,0.0,5.1,7.5,4.0
1485,78642,ZCTA5 78642,9731,155,23,48,0,312,1920,400,1058,1385,2177,2306,3782,5565,7308,832,206,61,0,0,0,0,27,339,493,6.8,6.7,7.7,0.0,0.0,0.0,-,8.7,17.7,5.1
1487,78644,ZCTA5 78644,7019,710,126,382,0,1807,8502,796,2587,3428,4969,5718,9319,12112,13421,2060,562,83,149,5,0,0,164,1306,559,12.3,14.3,11.0,21.0,4.0,0.0,-,9.1,15.4,8.0
1492,78653,ZCTA5 78653,5785,5376,124,538,0,6012,11836,1521,4582,5473,6972,7643,13424,16829,19009,3203,1157,91,1073,0,205,0,739,1479,415,13.2,14.5,4.4,20.0,0.0,38.1,-,12.3,12.5,7.2
1493,78654,ZCTA5 78654,12153,394,68,143,21,1053,5425,374,2951,4380,5420,6105,8795,11241,14092,2076,670,213,0,2,0,21,2,683,1370,11.4,16.6,21.5,0.0,2.9,0.0,100.0,0.2,12.6,11.3
1502,78664,ZCTA5 78664,28555,8134,41,3765,0,1941,21524,2498,8864,10438,13127,14831,25791,36252,44922,6437,2695,737,1115,0,429,0,134,3076,1591,10.0,16.3,17.1,13.7,0.0,11.4,-,6.9,14.3,5.6
1503,78665,ZCTA5 78665,25654,4830,90,4178,0,1512,12713,747,2814,4148,6115,6961,14268,22806,28884,2141,654,83,325,0,53,0,24,810,953,4.4,4.6,2.3,6.7,0.0,1.3,-,1.6,6.4,3.7
1504,78666,ZCTA5 78666,35130,3692,182,1379,52,3615,34721,12158,25373,28687,33211,36696,49544,60053,65178,21215,3682,1093,1317,0,239,20,963,9673,9834,27.9,28.7,31.5,35.7,0.0,17.3,38.5,26.6,27.9,28.0
1505,78669,ZCTA5 78669,10980,83,10,702,15,97,964,386,706,903,1616,1971,2834,3913,5354,536,50,15,9,0,0,0,22,55,472,4.2,1.7,1.8,10.8,0.0,0.0,0.0,22.7,5.7,4.3
1514,78702,ZCTA5 78702,9388,3564,75,629,11,1702,9179,2841,6105,6737,8230,8937,13000,15313,16695,5160,1766,715,1583,44,158,0,237,2200,1197,22.3,46.3,48.7,44.4,58.7,25.1,0.0,13.9,24.0,12.8
1521,78721,ZCTA5 78721,3135,3077,147,163,0,1882,5568,1707,3799,4434,5367,5814,7987,8960,9884,3031,824,131,916,42,44,0,361,1672,414,25.2,37.7,24.6,29.8,28.6,27.0,-,19.2,30.0,13.2
1524,78724,ZCTA5 78724,2350,5033,325,83,18,7789,17008,2629,6927,8931,12284,13364,18535,20822,22197,5764,2600,833,714,122,0,18,2214,4545,269,23.4,29.9,33.4,14.2,37.5,0.0,100.0,28.4,26.7,11.4
1525,78725,ZCTA5 78725,1572,1406,0,113,0,3372,5284,541,1995,2220,3407,3906,4985,6428,6898,962,356,97,307,0,0,0,340,611,44,11.4,15.1,15.3,21.8,-,0.0,-,10.1,11.6,2.8
1528,78728,ZCTA5 78728,8698,3303,111,1882,0,829,6617,819,3275,3932,5297,5912,9717,12129,14899,2404,880,441,666,0,124,0,118,1128,486,11.4,19.6,25.6,20.2,0.0,6.6,-,14.2,17.0,5.6
1535,78735,ZCTA5 78735,11829,518,0,1589,0,225,3572,380,1588,2006,2422,2638,3941,5620,7056,1334,550,162,10,0,85,0,31,777,462,7.5,12.5,13.4,1.9,-,5.3,-,13.8,21.8,3.9
1543,78745,ZCTA5 78745,31668,2763,364,1769,0,1745,24245,3193,8751,12233,16070,17466,29058,37914,46177,6937,1618,541,440,10,77,0,182,3499,2867,11.2,16.6,15.5,15.9,2.7,4.4,-,10.4,14.4,9.1
1545,78747,ZCTA5 78747,6605,1027,154,737,14,2955,12116,216,1720,2496,4400,4962,8529,13357,15397,1044,407,14,8,23,0,0,29,724,312,5.0,8.4,1.2,0.8,14.9,0.0,0.0,1.0,6.0,4.7
1556,78759,ZCTA5 78759,29254,1544,36,4890,13,727,6075,1100,2937,3720,5143,5599,10327,14929,18512,2403,396,205,414,0,166,0,90,422,1280,5.6,5.2,8.8,26.8,0.0,3.4,0.0,12.4,6.9,4.4
1559,78827,ZCTA5 78827,188,2,0,1,0,29,972,151,331,417,581,611,843,950,1009,299,98,55,2,0,0,0,0,231,66,25.5,32.6,84.6,100.0,-,0.0,-,0.0,23.8,35.1
1565,78834,ZCTA5 78834,899,0,0,133,0,793,6857,544,3612,3900,4453,5079,5484,6649,6999,2742,1372,284,0,0,0,0,424,2453,289,34.5,53.5,44.4,-,-,0.0,-,53.5,35.8,32.1
1567,78837,ZCTA5 78837,104,0,0,0,0,0,126,8,96,96,118,140,162,207,207,96,16,16,0,0,0,0,0,96,0,41.7,32.7,100.0,-,-,-,-,-,76.2,0.0
1570,78840,ZCTA5 78840,6634,564,170,369,12,1796,38684,4328,13872,17380,20884,21945,30086,35352,39872,9379,3916,1463,70,51,17,0,342,8495,797,20.1,28.5,35.7,12.4,30.0,4.6,0.0,19.0,22.0,12.0
1571,78843,ZCTA5 78843,17,33,0,0,0,0,21,0,0,0,0,0,54,54,71,0,0,0,0,0,0,0,0,0,0,0.0,-,-,0.0,-,-,-,-,0.0,0.0
1574,78852,ZCTA5 78852,1264,270,805,318,24,2190,54347,5618,19345,24260,29257,31290,41609,47976,51819,15469,6707,2230,0,196,1,24,532,14987,264,27.2,37.2,42.0,0.0,24.3,0.3,100.0,24.3,27.6,20.9
1576,78861,ZCTA5 78861,5278,6,34,170,0,544,5934,425,1528,2063,2564,3180,5767,7968,9427,799,229,116,6,0,0,0,12,378,415,6.9,7.5,15.6,100.0,0.0,0.0,-,2.2,6.4,7.9
1597,78942,ZCTA5 78942,4561,823,0,135,0,531,2989,544,1604,2463,3371,3433,4689,5509,6730,1144,426,192,341,0,0,0,62,488,305,13.3,20.7,32.1,41.4,-,0.0,-,11.7,16.3,6.7
1600,78945,ZCTA5 78945,7448,585,0,93,0,404,2420,340,2042,2593,2729,2912,5095,7037,8174,1537,439,123,512,0,0,0,0,430,595,14.5,18.3,19.1,87.5,-,0.0,-,0.0,17.8,8.0
1612,78962,ZCTA5 78962,3289,750,16,3,0,458,1004,103,574,733,1182,1388,2268,3032,3471,281,28,17,85,0,0,0,41,91,105,5.5,2.5,5.8,11.3,0.0,0.0,-,9.0,9.1,3.2
1617,79007,ZCTA5 79007,9418,202,228,50,135,371,3997,914,3313,3692,4678,5059,8194,9933,11143,2111,795,262,58,5,11,135,33,472,1410,14.9,21.0,24.5,28.7,2.2,22.0,100.0,8.9,11.8,15.0
1634,79031,ZCTA5 79031,642,30,0,0,0,21,691,66,223,326,506,571,806,1099,1213,102,11,0,0,0,0,0,0,61,41,7.4,2.9,0.0,0.0,-,-,-,0.0,8.8,6.4
1646,79045,ZCTA5 79045,4359,169,120,117,18,764,13775,1121,4081,5384,7215,7536,11934,14701,16095,2950,1292,448,36,22,28,0,90,2428,428,15.9,22.4,28.1,21.3,18.3,23.9,0.0,11.8,17.6,9.8
1660,79065,ZCTA5 79065,12032,572,260,97,45,1118,5705,900,4389,5871,6907,7801,10701,12978,15012,3018,1097,432,168,140,0,0,209,1436,1317,15.9,21.6,30.4,29.4,53.8,0.0,0.0,18.7,25.2,10.9
1661,79068,ZCTA5 79068,2969,42,29,4,0,39,384,173,432,561,703,736,1083,1602,2050,228,135,46,0,0,0,0,0,25,203,6.6,15.3,17.8,0.0,0.0,0.0,-,0.0,6.5,6.8
1663,79072,ZCTA5 79072,7532,1150,228,85,0,1091,15417,1428,5344,6863,9194,10350,15531,18808,21142,3957,1399,517,173,10,0,0,247,2992,776,16.2,19.9,28.0,15.0,4.4,0.0,-,22.6,19.4,10.3
1672,79086,ZCTA5 79086,1042,0,36,28,0,73,1090,73,449,576,917,958,1319,1508,1808,275,140,77,0,0,17,0,0,165,86,12.3,20.2,38.5,-,0.0,60.7,-,0.0,15.1,8.3
1690,79108,ZCTA5 79108,7376,340,108,37,0,49,2838,742,2185,2865,3550,4078,6017,8001,8876,1970,889,335,246,0,9,0,12,1003,675,18.3,33.4,45.5,72.4,0.0,24.3,-,24.5,35.3,9.2
1692,79110,ZCTA5 79110,11967,552,188,187,38,730,5884,412,2910,4479,5525,5934,9606,14029,15879,2353,887,230,203,15,53,0,15,963,1123,12.4,16.1,13.4,36.8,8.0,28.3,0.0,2.1,16.4,9.4
1694,79118,ZCTA5 79118,15961,320,78,528,41,617,5506,651,2317,2768,3485,3731,8073,11811,15912,1301,400,125,60,25,56,0,0,573,580,5.7,7.1,8.0,18.8,32.1,10.6,0.0,0.0,10.4,3.6
1732,79316,ZCTA5 79316,4041,417,15,2,0,219,5828,877,3064,3824,4605,4855,7147,7970,8387,2084,1038,340,80,0,0,0,11,1448,559,20.2,33.7,36.2,19.2,0.0,0.0,-,5.0,24.8,13.8
1734,79323,ZCTA5 79323,2125,38,15,0,0,89,4977,343,575,1527,1863,1894,3544,4320,5409,526,171,51,0,0,0,0,56,376,150,7.3,6.9,7.1,0.0,0.0,-,-,62.9,7.6,7.1
1741,79336,ZCTA5 79336,6986,545,71,39,21,1023,8634,1202,3291,4404,6194,6916,10306,12445,13546,2702,970,225,210,0,7,0,268,1726,691,16.4,22.4,20.2,38.5,0.0,17.9,0.0,26.2,20.0,9.9
1757,79360,ZCTA5 79360,10497,337,57,102,9,330,5574,1616,3238,3728,5430,6688,9477,11798,13382,2630,1084,190,23,0,0,0,89,1096,1534,15.9,18.4,10.5,6.8,0.0,0.0,0.0,27.0,19.7,14.6
1759,79364,ZCTA5 79364,4048,211,30,0,0,514,3206,536,1522,2360,3071,3370,4688,5164,6367,1075,462,19,17,0,0,0,126,863,188,14.2,23.2,2.7,8.1,0.0,-,-,24.5,26.9,4.6
1773,79382,ZCTA5 79382,5855,142,52,43,0,410,1780,379,1027,1137,1774,2016,3057,3824,5557,980,481,82,110,0,29,0,26,324,404,12.0,17.1,11.5,77.5,0.0,67.4,-,6.3,18.2,6.9
1775,79403,ZCTA5 79403,3528,4375,419,65,7,993,8035,1819,5876,7175,8310,8920,12214,14063,15003,4093,1861,568,1033,175,0,0,566,2350,476,25.2,37.3,39.5,23.6,41.8,0.0,0.0,57.0,29.2,13.5
1778,79407,ZCTA5 79407,12025,1247,167,826,121,816,7719,1905,5070,6945,8345,9034,13030,15201,17477,4119,1226,447,368,65,296,0,182,1402,1894,18.6,23.3,36.3,29.5,38.9,35.8,0.0,22.3,18.2,15.8
1784,79415,ZCTA5 79415,4628,1612,474,880,20,1784,10317,2923,6992,7836,9895,10363,12957,15206,15710,5547,1633,324,822,221,655,0,471,2873,1269,31.7,39.4,29.8,51.0,46.6,74.4,0.0,26.4,27.8,27.4
1804,79526,ZCTA5 79526,600,0,4,0,0,28,233,12,108,158,235,247,426,557,636,71,24,24,0,0,0,0,0,5,66,8.5,14.5,51.1,-,0.0,-,-,0.0,2.1,11.0
1825,79549,ZCTA5 79549,7333,476,0,21,0,598,5906,383,3120,4050,4562,5101,7622,9756,11311,2088,718,266,51,0,0,0,71,1225,770,15.0,18.7,25.2,10.7,-,0.0,-,11.9,20.7,10.5
1827,79556,ZCTA5 79556,6907,845,56,39,0,523,4699,856,2789,3637,4771,5378,8037,9646,10499,2056,685,207,209,33,0,0,43,926,880,16.4,20.4,21.2,24.7,58.9,0.0,-,8.2,19.7,12.7
1835,79601,ZCTA5 79601,11585,1788,46,310,0,1407,3991,1536,5196,6411,7642,8081,11095,13853,15533,4179,919,360,337,21,43,0,669,1347,2319,23.0,23.7,32.0,18.8,45.7,13.9,-,47.5,33.8,20.0
1836,79602,ZCTA5 79602,16524,1381,105,395,0,2229,5259,1129,3838,4759,6278,7364,11394,15326,18177,2940,1079,208,529,0,39,0,371,858,1526,12.2,15.7,10.0,38.3,0.0,9.9,-,16.6,16.3,9.2
1837,79603,ZCTA5 79603,9508,2372,339,331,0,4615,10753,2180,7220,8424,9974,11029,15619,18823,21158,4851,1773,680,576,120,32,0,826,2195,1953,21.0,28.4,37.3,24.3,35.4,9.7,-,17.9,20.4,20.5
1839,79606,ZCTA5 79606,17479,1505,84,1210,0,1407,4043,998,3397,4113,5479,6262,10929,14914,17638,2339,704,288,223,0,133,0,360,555,1396,9.4,11.8,14.5,14.8,0.0,11.0,-,25.6,13.7,8.0
1843,79703,ZCTA5 79703,7917,1889,166,618,12,1693,13187,1163,2498,3390,4930,5604,10511,14697,18021,1742,467,316,229,9,0,0,93,747,782,7.4,7.3,18.4,12.1,5.4,0.0,0.0,5.5,5.7,9.9
1845,79706,ZCTA5 79706,11964,391,101,100,0,1372,12701,631,2298,2603,4352,4638,10940,15051,17989,1836,1022,182,8,0,0,0,0,1342,486,7.2,11.3,7.4,2.0,0.0,0.0,-,0.0,10.6,4.1
1846,79707,ZCTA5 79707,24634,1868,170,1577,62,1803,10758,1567,3648,4573,5414,5745,10353,16110,19692,2834,958,435,18,0,24,0,711,1775,1017,7.2,9.3,13.2,1.0,0.0,1.5,0.0,39.4,16.5,4.1
1848,79714,ZCTA5 79714,7171,110,0,65,31,1093,10129,814,2348,3252,4155,4646,7586,11843,13775,1647,673,167,0,0,0,0,225,1408,239,9.2,11.9,10.9,0.0,-,0.0,0.0,20.6,13.9,3.3
1851,79720,ZCTA5 79720,15946,1678,340,184,0,1857,11637,2470,7019,8362,10553,10881,17083,21579,24248,5294,1592,604,824,118,3,0,241,2575,1975,17.5,20.9,27.1,49.1,34.7,1.6,-,13.0,22.1,12.4
1869,79756,ZCTA5 79756,3699,434,136,111,0,551,5114,615,1591,2346,2788,3372,5049,6337,7291,1202,440,140,44,13,0,0,51,876,282,12.7,17.4,18.9,10.1,9.6,0.0,-,9.3,17.1,7.6
1873,79762,ZCTA5 79762,19022,2681,377,534,0,2226,20463,1813,5246,7022,9890,11044,18321,26411,31964,3960,1287,531,282,50,10,0,310,2488,1108,9.1,10.9,16.3,10.5,13.3,1.9,-,13.9,12.2,5.8
1874,79763,ZCTA5 79763,7313,1460,74,295,0,4748,29384,2410,7578,10359,13809,14437,23216,29124,32847,5558,2170,526,166,0,129,0,741,4266,1087,14.4,17.3,15.6,11.4,0.0,43.7,-,15.6,14.5,14.9
1875,79764,ZCTA5 79764,6540,642,85,94,26,2645,14586,1500,3802,5174,7107,7771,12153,15257,17822,2978,1227,403,64,31,27,26,435,2111,750,13.5,18.5,22.4,10.0,36.5,28.7,100.0,16.4,14.5,11.5
1876,79765,ZCTA5 79765,7538,211,67,938,0,1830,7457,416,1117,1372,1782,1936,4208,6561,8493,1002,350,79,96,0,0,0,89,437,469,6.1,7.8,4.0,45.5,0.0,0.0,-,4.9,5.9,6.2
1877,79766,ZCTA5 79766,1360,2,85,0,0,1115,5769,1103,1740,2502,2948,3067,4152,4783,5817,1424,758,292,2,0,0,0,415,1181,241,19.9,27.7,28.7,100.0,0.0,-,-,37.2,20.5,17.7
1884,79782,ZCTA5 79782,2139,34,115,0,0,853,2258,91,625,892,1245,1496,2009,2873,3133,387,185,49,0,0,0,0,88,318,69,8.7,13.5,14.4,0.0,0.0,-,-,10.3,14.1,3.2
1893,79835,ZCTA5 79835,676,101,0,60,0,2956,10337,1411,4550,5080,6458,6844,8149,9600,10239,3815,1703,469,2,0,0,0,1727,3677,127,34.1,48.2,54.5,2.0,-,0.0,-,58.4,35.6,18.8
1899,79843,ZCTA5 79843,789,0,189,0,0,5,1526,50,443,687,916,941,1374,1519,1756,304,98,47,0,53,0,0,0,267,37,12.4,17.7,57.3,-,28.0,-,-,0.0,17.5,4.7
1914,79905,ZCTA5 79905,366,29,112,25,0,3993,21012,2978,9973,11912,14303,14807,18504,19947,20639,7862,2933,865,3,53,8,0,1577,7791,40,36.6,58.9,69.8,10.3,47.3,32.0,-,39.5,37.1,10.9
1920,79915,ZCTA5 79915,1306,395,155,43,0,6481,34515,3658,13874,17404,20753,22186,30025,33297,34932,10125,3674,883,120,23,17,0,1584,9842,193,27.9,42.9,36.9,30.4,14.8,39.5,-,24.4,28.5,14.8
1921,79916,ZCTA5 79916,0,0,0,0,0,0,0,0,0,0,0,0,0,0,0,0,0,0,0,0,0,0,0,0,0,-,-,-,-,-,-,-,-,-,-
1932,79936,ZCTA5 79936,9770,2812,473,1466,409,7178,96755,4941,20450,28900,39532,42630,65693,83514,93622,15611,5774,1019,176,60,110,337,1120,14179,860,14.0,19.8,15.7,6.3,12.7,7.5,82.4,15.6,14.7,8.8
